1600732800,0.85,7,0.85,5.3193,31441883.16,NaN
1600819200,5.3279,5.36,3.4,3.535,12620608.01,NaN
1600905600,3.5305,4.8873,3.4033,4.6411,7107843.86,NaN
1600992000,4.6366,5.0234,4.2001,4.7134,3886096.71,NaN
1601078400,4.7164,4.82,4.3294,4.52,1814932.97,NaN
1601164800,4.5214,4.7134,4.1068,4.6484,1500134.56,NaN
1601251200,4.6485,4.705,4.1667,4.2021,1210446.38,NaN
1601337600,4.1999,4.2899,3.9607,4.1394,1057878.53,NaN
1601424000,4.1429,4.411,3.9958,4.3293,915518.31,NaN
1601510400,4.3293,4.53,4.014,4.15,1477288.72,NaN
1601596800,4.1422,4.2198,3.6332,3.9115,1847614.48,NaN
1601683200,3.9156,4.19,3.8696,4.0168,679798.03,NaN
1601769600,4.0202,4.0798,3.8334,3.964,630849.97,NaN
1601856000,3.9582,4.0456,3.87,3.9813,475912.76,NaN
1601942400,3.9949,4,3.5,3.5424,971155.87,NaN
1602028800,3.5401,3.5462,3.207,3.442,988661.32,NaN
1602115200,3.4409,3.9599,3.3228,3.9147,900977.83,NaN
1602201600,3.9147,4.3252,3.8034,4.2491,573063.37,NaN
1602288000,4.2427,4.2693,4.0001,4.023,821315.35,NaN
1602374400,4.0205,4.1762,3.9333,4.096,542437.49,3573220.884
1602460800,4.0841,4.71,4.054,4.41,851811.15,2043717.283
1602547200,4.4099,4.5636,4.3203,4.4806,776819.51,1451527.858
1602633600,4.4808,4.4848,4.0125,4.1596,512479.12,1121759.621
1602720000,4.15,4.2312,3.9985,4.1269,306544.02,942781.987
1602806400,4.1266,4.1582,3.8755,4.0433,538055.06,878938.0915
1602892800,4.0462,4.21,3.9673,4.1946,258634.77,816863.102
1602979200,4.1874,4.2461,4.0701,4.1195,138296.5,763255.608
1603065600,4.1371,4.1748,3.9926,4.05,274925.09,724107.936
1603152000,4.0568,4.0908,3.6925,3.804,589447.62,707804.4015
1603238400,3.8007,4.103,3.7918,3.9585,319446.86,649912.3085
1603324800,3.9574,4.4904,3.9511,4.3385,741499.28,594606.5485
1603411200,4.3406,4.4872,4.1354,4.2568,324892.94,576861.294
1603497600,4.2539,4.362,4.14,4.1821,218601.98,556248.8945
1603584000,4.1803,4.2526,4.1,4.1479,209663.9,542936.4515
1603670400,4.1409,4.4897,4.0141,4.148,661155.33,527436.4245
1603756800,4.1454,4.35,4.0343,4.1217,292754.21,492641.069
1603843200,4.1214,4.1792,3.9308,4.0596,359147.72,465549.5635
1603929600,4.0607,4.1051,3.7296,3.7758,422589.86,458025.888
1604016000,3.7744,3.8226,3.5781,3.7224,850092.33,459464.737
1604102400,3.7116,3.7612,3.5876,3.6456,346114.94,449648.6095
1604188800,3.6355,3.7142,3.5521,3.6814,295468.18,421831.461
1604275200,3.6851,3.8775,3.6145,3.617,322604.28,399120.6995
1604361600,3.6174,3.6513,3.2368,3.323,664899.75,406741.731
1604448000,3.3299,3.3759,3,3.1718,466205.93,414724.8265
1604534400,3.1736,3.3841,3.0211,3.3348,644688.78,420056.5125
1604620800,3.335,3.6666,3.3194,3.5913,910038.31,452626.6895
1604707200,3.594,3.9193,3.37,3.4126,832528.78,487338.3035
1604793600,3.4093,3.67,3.3613,3.4754,543130.62,500748.58
1604880000,3.4674,3.5399,3.2619,3.4125,534923.49,498022.3735
1604966400,3.421,3.63,3.369,3.5713,482731.01,506186.581
1605052800,3.5775,3.82,3.46,3.4842,389355.68,488579.401
1605139200,3.4918,3.5691,3.32,3.4243,314355.65,488052.5365
1605225600,3.4268,3.7018,3.3911,3.6745,585394.03,506392.139
1605312000,3.6779,3.7042,3.396,3.4894,443020.54,518059.971
1605398400,3.484,3.6415,3.4101,3.5453,438362.91,506920.35
1605484800,3.5348,3.82,3.455,3.7,658000.76,525182.6775
1605571200,3.7062,3.9333,3.6881,3.8355,490826.18,531766.6005
1605657600,3.8476,3.8739,3.55,3.7445,531913.49,537232.782
1605744000,3.7498,3.8272,3.5563,3.6399,386309.17,514043.624
1605830400,3.6432,4.0111,3.6224,3.715,657029.12,529589.333
1605916800,3.7124,4.0983,3.67,4.0281,557225,542677.174
1606003200,4.0291,4.0602,3.71,3.8892,562448.53,554669.3865
1606089600,3.9066,4.2575,3.8519,4.0747,611842.99,552016.5485
1606176000,4.0748,4.3334,3.865,4.26,855854.35,571498.9695
1606262400,4.26,4.3989,3.9001,4.0453,763623.28,577445.6945
1606348800,4.0363,4.089,3.28,3.5447,1011308.69,582509.2135
1606435200,3.5399,3.7581,3.4178,3.5942,382067.49,559986.149
1606521600,3.5903,3.6998,3.4752,3.6271,256600.45,545659.6405
1606608000,3.6299,3.7662,3.531,3.7013,222772.03,530052.0675
1606694400,3.7124,3.82,3.6418,3.7024,266744.6,519252.747
1606780800,3.7044,3.8128,3.4501,3.5543,453003.61,522435.1435
1606867200,3.55,3.8458,3.5059,3.74,255368.39,519485.7805
1606953600,3.7384,3.8966,3.7103,3.8123,217818.87,501107.0225
1607040000,3.8076,3.86,3.5091,3.5348,306354.06,494273.6985
1607126400,3.5337,3.7182,3.5059,3.6382,176697.58,481190.432
1607212800,3.6384,3.6733,3.5077,3.6055,198916.73,458236.2305
1607299200,3.6036,3.6096,3.3,3.3895,319608.12,449675.3275
1607385600,3.3896,3.3948,3.085,3.1172,947986.45,470478.9755
1607472000,3.1185,3.4411,2.8001,3.2652,1491988.4,525762.937
1607558400,3.2644,3.3583,3.0643,3.1499,1121704.58,548996.71
1607644800,3.1482,3.307,3.0131,3.2375,740274.35,558149.1775
1607731200,3.232,3.45,3.2318,3.3332,695480.54,564800.778
1607817600,3.3409,3.4173,3.2806,3.3405,598125.27,564114.892
1607904000,3.3401,3.3424,3.1357,3.1433,1041542.84,573399.3165
1607990400,3.1439,3.5441,3.06,3.3014,899508.23,580193.564
1608076800,3.3012,3.3844,3.1451,3.3409,660892.42,562672.7505
1608163200,3.3444,3.3823,3.1761,3.2079,634136.04,575276.178
1608249600,3.2068,3.4737,3.1424,3.4081,642895.11,594590.911
1608336000,3.4081,3.6076,3.3783,3.4651,506114.81,608758.05
1608422400,3.458,3.498,3.2755,3.304,415890.15,616215.3275
1608508800,3.3041,3.3564,2.925,3.0892,824445.06,634787.4
1608595200,3.0922,3.1331,2.9198,3.0761,488812.87,646459.624
1608681600,3.0705,3.6937,2.7501,2.9465,2874448.39,779291.1
1608768000,2.9525,3.1153,2.7679,3.1006,910977.44,809522.269
1608854400,3.1171,3.1301,2.84,2.9517,870245.85,844199.6825
1608940800,2.9497,2.9975,2.85,2.9178,475916.53,858049.6725
1609027200,2.9223,3.0759,2.8401,2.9026,566733.02,870405.9175
1609113600,2.9168,3.0496,2.8685,2.9577,932674.77,869640.3335
1609200000,2.9609,3.01,2.8322,2.9248,831346.83,836608.255
1609286400,2.925,2.94,2.8327,2.9162,443153.2,802680.686
1609372800,2.9166,3.2997,2.78,3.1859,861034.14,808718.6755
1609459200,3.1859,3.86,3.0178,3.6497,3817118.74,964800.5855
1609545600,3.6544,3.939,3.2851,3.4956,1768205.15,1023304.579
1609632000,3.5005,3.83,3.3916,3.4691,989465.26,1020700.7
1609718400,3.477,3.83,3.2283,3.5999,1242545.27,1037852.552
1609804800,3.5999,4.3556,3.4703,4.2501,2403396.82,1124977.772
1609891200,4.2502,4.9773,4.1361,4.5788,2925158.25,1239528.883
1609977600,4.5803,4.8205,4.1827,4.4707,1471492.75,1280958.765
1610064000,4.4728,5.9,4,5.7,3037659.66,1407536.007
1610150400,5.6999,7.487,5.5761,7.1877,4060100.24,1589746.512
1610236800,7.2115,7.4969,6.15,6.5416,1865913.15,1641819.916
1610323200,6.541,7,5.72,6.4713,2065125.52,1720635.549
1610409600,6.4623,8.2356,6.4198,7.72,3138438.02,1733835.03
1610496000,7.7254,8.5,7.1356,8.4695,1712008.71,1773886.594
1610582400,8.4693,9.6004,8.21,9.3177,2550051.08,1857876.855
1610668800,9.3192,9.89,8.57,9.3794,1991192.96,1933640.677
1610755200,9.3795,13.4991,9.1629,12.8421,3898717.61,2100239.906
1610841600,12.8222,14.69,12.3231,13.1746,3568856.68,2232049.002
1610928000,13.1748,13.858,12.5737,12.7035,1317372.42,2256350.281
1611014400,12.6825,14,11.3433,11.7367,1846921.9,2326538.716
1611100800,11.7346,13.0765,11.03,12.3768,1515429.53,2359258.486
1611187200,12.3768,13.0147,11.0659,11.3225,1717139.33,2254259.515
1611273600,11.3329,13.3899,10.673,12.7097,2250602.42,2278379.379
1611360000,12.7153,13.48,12.5059,12.8669,1224349.08,2290123.57
1611446400,12.8914,13.1725,12.2,12.4801,907179.12,2273355.262
1611532800,12.4801,12.95,12.0598,12.1816,613873.67,2183879.105
1611619200,12.1816,12.7333,11.3804,12.2088,873414.18,2081291.901
1611705600,12.178,12.215,10.77,11.158,740335.46,2044734.037
1611792000,11.1379,12.7524,10.8,11.9615,1091962.84,1947449.196
1611878400,11.9596,12.6757,11.3145,11.6158,1470197.45,1817954.056
1611964800,11.6158,12.65,11.293,12.0433,1122825.05,1780799.651
1612051200,12.0125,15.3728,11.83,13.4704,5017946.71,1928440.711
1612137600,13.4704,13.6408,12.5741,13.2153,1820891.9,1862563.405
1612224000,13.2105,13.725,12.765,13.4703,748745.41,1814400.24
1612310400,13.47,14.9409,13.1814,14.84,1267446.12,1750269.992
1612396800,14.84,15.8795,13.7978,15.2697,1649241.42,1733172.415
1612483200,15.2738,18.0321,15.1206,17.8973,1654441.43,1620958.606
1612569600,17.8971,18.6228,15.8,18.1216,1547693.33,1519900.438
1612656000,18.1232,24.4268,17.8802,23.705,4884650.65,1698264.35
1612742400,23.7374,33.8167,23.55,30.056,5774694.71,1894652.99
1612828800,30.0564,33,27.4769,31.9194,2664482.65,1952105.646
1612915200,31.8487,60.3035,31.3408,54.6861,9715755.01,2352036.431
1613001600,54.6872,56.4998,41.6728,46.9673,4310924.37,2455052.528
1613088000,46.9726,54.4775,43.5,48.2978,3209807.22,2554325.435
1613174400,48.2961,51.9,43.4014,44.0832,1890974.72,2603515.215
1613260800,44.0691,45.75,38.3724,39.1711,2829524.14,2714297.739
1613347200,39.17,44.98,33.5,38.309,3933303.2,2867292.19
1613433600,38.3362,40,35.1417,36.5402,2556745.82,2958112.708
1613520000,36.5402,42.1299,34.1386,37.3003,3076680.22,3057348.577
1613606400,37.3046,44.4907,36.19,40.9656,3097214.68,3138699.438
1613692800,41.023,41.2754,37.5,38.7274,2047933.74,3184954.873
1613779200,38.7264,42.8463,31.9376,35.9985,3400687.05,3104091.89
1613865600,35.9553,38.0037,34.7906,36.1855,1516510.61,3088872.825
1613952000,36.1932,36.2941,25.47,32.1502,2970210.71,3199946.09
1614038400,32.1504,32.4108,22.51,27.5924,3657984.88,3319473.028
1614124800,27.5966,32.2699,25.2501,29.7396,3233830.55,3398702.485
1614211200,29.732,32.1836,26.4439,26.7,2431285.39,3437544.683
1614297600,26.7718,28.0474,24.7703,25.9695,1804008.06,3450360.419
1614384000,25.9695,27.4999,25,25.7616,1690910.72,3290673.423
1614470400,25.7423,25.9299,22.1237,23.9566,1816997.15,3092788.545
1614556800,23.9698,27.8227,23.6073,27.5107,2250036.68,3072066.246
1614643200,27.5189,31.99,25.8604,27.1101,5223868.87,2847471.939
1614729600,27.1144,29.4503,26.5202,27.22,2841940.87,2774022.764
1614816000,27.2126,28.82,24.2222,25.7781,3087747.13,2767919.759
1614902400,25.7781,25.7781,23.5269,24.2414,2367099.9,2791726.019
1614988800,24.2708,25.5,23.8267,24.911,1483862.28,2724442.926
1615075200,24.9225,27.95,24.9225,26.6863,3010972.81,2678326.406
1615161600,26.6884,27.1147,24.8921,25.6179,2182937.86,2659636.008
1615248000,25.6178,34.7857,23.4102,34.314,10511803.75,3031392.185
1615334400,34.3007,35.8,28.691,29.5858,8435059.85,3298284.443
1615420800,29.6171,32.8333,28.4,30.8005,5275313.55,3459653.434
1615507200,30.798,31.5823,26.7837,27.9561,4025302.52,3490884.207
1615593600,27.9469,33.2249,26.8568,30.8799,4641909.98,3647154.176
1615680000,30.9086,32.3,28.8,28.8423,2905962.81,3643941.781
1615766400,28.8383,30.6472,27,28.9472,3223256.17,3622205.345
1615852800,28.9221,33.25,27.5189,33.036,3919260.34,3656476.835
1615939200,33.036,33.9899,30.5307,32.6789,3711302.21,3720477.676
1616025600,32.6789,35.6073,31.8187,33.2132,3784343.49,3819494.447
1616112000,33.2131,38.4866,31.3409,37.3166,4561567.37,3963027.28
1616198400,37.3219,39.3,34.1701,34.2022,2545309.31,3999442.888
1616284800,34.1783,35.4516,32.0001,32.8117,2817582.7,4027820.188
1616371200,32.8109,33.5892,28.6202,29.17,2819087.11,3907581.1
1616457600,29.1805,30.8899,28.1111,28.4704,2208298,3875898.957
1616544000,28.4541,30.4914,24.6652,25.8387,2924723.82,3867747.791
1616630400,25.8,27.5152,24.3291,25.825,2616910.89,3880238.341
1616716800,25.8109,28.8782,25.7873,28.2527,2119177.62,3912004.108
1616803200,28.2744,28.6667,26.789,27.6225,1664560.96,3844683.515
1616889600,27.6226,29.5578,27.22,28.7167,2149098.9,3842991.567
1616976000,28.7392,30.3702,28.2,29.5,1936628.46,3414232.803
1617062400,29.5,30.9802,28.6023,29.6009,1916568.91,3088308.256
1617148800,29.6009,29.9641,25.9,28.7218,1991045.26,2924094.841
1617235200,28.7217,29.373,27.6921,28.2456,1556424.75,2800650.953
1617321600,28.2686,29.5805,27.9429,29.0353,1502764.68,2643693.688
1617408000,29.0137,32.8727,27.8274,28.1787,4011015.62,2698946.328
1617494400,28.1709,29.9171,27.5607,29.1573,1645442.99,2620055.669
1617580800,29.174,33,28.5455,31.2559,3914406.49,2619812.977
1617667200,31.2913,34.5578,30,31.4635,3854943.21,2626995.027
1617753600,31.4838,34.15,28.6023,29.5068,3026403.42,2589098.023
1617840000,29.54,31.6137,29.2287,30.751,1585910.41,2440315.175
1617926400,30.7475,32.482,30.3031,31.5178,2411521.93,2433625.806
1618012800,31.5178,33.97,30.865,31.776,3316903.42,2458591.842
1618099200,31.7628,32.33,30.8928,31.5976,1817836.56,2408529.315
1618185600,31.5853,35.6418,31.1,33.8055,4048871.8,2500558.005
1618272000,33.8125,34.888,31.7,33.6462,3077724.42,2508208.035
1618358400,33.6426,39.45,32.8907,38.3391,7610260.01,2757875.491
1618444800,38.3892,40.759,36.21,37.0174,4740728.24,2888953.022
1618531200,37.0256,37.5412,33.0618,35.45,3675610.8,2989505.514
1618617600,35.4383,36.9062,33.51,33.9342,2447216.38,3004411.388
1618704000,33.9673,34.3,22.5473,29.3348,5871628.96,3201161.413
1618790400,29.323,30.5796,25.5472,26.1827,3255981.02,3268132.018
1618876800,26.2029,29.9752,23.8766,27.4058,3447186.95,3340939.103
1618963200,27.4059,28.4899,25.75,25.8131,2761857.45,3401210.738
1619049600,25.8131,27.7519,22.87,23.9703,3465711.95,3499358.101
1619136000,23.9692,26.557,19.8,23.5317,4559040.29,3526759.335
1619222400,23.55,23.9381,21.3801,21.8523,2231443.96,3556059.383
1619308800,21.8429,23.75,20.359,21.624,1711011.135,3445889.616
1619395200,21.628,26.5,21.39,26.451,3025256.65,3404405.288
1619481600,26.441,28,25.7,27.949,2350750.048,3370622.619
1619568000,27.961,29.077,25.826,28.233,2546834.944,3418668.846
1619654400,28.246,29.765,26.6,27.912,2274429.724,3411814.236
1619740800,27.926,33,27.501,32.8,3368373.696,3414387.749
1619827200,32.819,35.68,31.722,31.805,3589503.042,3502971.073
1619913600,31.815,32.681,30.383,31.28,2177846.529,3409419.81
1620000000,31.262,37.36,30.697,35.871,5397490.383,3525408.108
1620086400,35.885,36.194,29.501,30.287,4452223.237,3367506.269
1620172800,30.307,35.616,29.7,35.258,3289567.944,3294948.255
1620259200,35.225,39.3,34.66,38.003,6195375.726,3420936.501
1620345600,38.002,43.885,35.969,37.875,6802609.557,3638706.16
1620432000,37.852,39.844,37.157,38.399,2493215.197,3469785.472
1620518400,38.399,39.5,35.017,38.969,2403153.534,3427144.097
1620604800,38.988,41.8,29.69,34.652,4334618.088,3471515.654
1620691200,34.65,37.3,32.575,36.8,2729477.604,3469896.662
1620777600,36.768,41.47,32,32.8,5512564.2,3572239.274
1620864000,32.872,37.17,30.739,35.075,4599017.978,3574238.159
1620950400,35.036,38,33.276,36.999,2531482.455,3589240.084
1621036800,36.993,39.99,34.031,34.439,4984162.837,3752897.669
1621123200,34.464,39.7,32.5,36.6,5278663.199,3865567.996
1621209600,36.597,37.936,31.75,33.67,4761781.536,3986119.571
1621296000,33.684,37.7,33.268,36.875,3692884.156,4043422.031
1621382400,36.907,38.535,17.775,23.052,7854204.012,4322410.745
1621468800,23.064,28.2,20.809,25.086,4667836.199,4387383.871
1621555200,25.042,26.712,18.368,21.827,3781391.334,4396978.285
1621641600,21.825,22.474,18.3,18.797,2628918.371,4419531.877
1621728000,18.809,19.668,12.086,15.606,5463994.514,4422857.084
1621814400,15.603,20.5,15.034,19.395,4361327.481,4418312.296
1621900800,19.395,20.243,17.001,19.446,2878326.676,4397750.233
1621987200,19.431,21.453,18.918,20.797,3101870.521,4243074.972
1622073600,20.794,21.198,18.717,19.118,1878833.966,3996886.193
1622160000,19.133,19.568,16.015,16.727,2318888.923,3988169.879
1622246400,16.727,17.592,15.169,16.168,1260980.209,3931061.213
1622332800,16.194,17.468,15.101,16.518,1133881.014,3771024.359
1622419200,16.504,18.198,15.671,18.14,1357131.015,3702407.03
1622505600,18.153,18.583,17.066,17.748,1195464.415,3486552.041
1622592000,17.748,19.419,17.145,18.687,1696639.301,3341433.107
1622678400,18.686,20.7,18.219,20.268,1754635.671,3302590.767
1622764800,20.247,20.55,17.41,18.243,1844859.941,3145625.623
1622851200,18.236,19.142,16.86,17.23,1557214.89,2959553.207
1622937600,17.233,18,17.09,17.383,747036.541,2758815.957
1623024000,17.38,18.053,15.304,15.536,2846106.846,2716477.092
1623110400,15.533,16.048,13.639,14.792,2622746.581,2454904.22
1623196800,14.803,15.765,13.65,15.4,2507532.953,2346889.058
1623283200,15.403,15.578,13.73,14.193,2406206.41,2278129.812
1623369600,14.193,14.616,13.14,13.408,1985298.581,2245948.822
1623456000,13.423,14,12.638,13.545,1721108.689,2058804.531
1623542400,13.551,14.999,13.241,14.761,1905070.736,1935991.694
1623628800,14.762,15.419,14.371,15.113,1753753.579,1879763.039
1623715200,15.111,15.632,14.581,14.714,1618961.454,1805617.586
1623801600,14.715,14.951,13.913,14.078,1593156.605,1791333.718
1623888000,14.081,15.498,14.02,14.844,2176578.341,1784218.189
1623974400,14.858,15.3,13.1,13.64,1646645.548,1803501.456
1624060800,13.635,14.04,13.209,13.383,677502.975,1780682.554
1624147200,13.374,14.188,12.783,13.917,1178226.514,1771737.329
1624233600,13.914,14.069,11.077,11.2,2203255.627,1822126.889
1624320000,11.19,11.764,9.325,10.578,3283390.301,1901464.439
1624406400,10.585,11.899,10.15,11.456,2090766.333,1918270.972
1624492800,11.467,11.757,10.822,11.493,1288733.896,1890464.67
1624579200,11.499,11.756,10.2,10.235,1369495.419,1881078.696
1624665600,10.238,10.6,9.784,10.318,1136001.579,1900526.948
1624752000,10.317,10.98,10.087,10.941,692604.829,1792851.847
1624838400,10.953,11.469,10.694,11.322,1022964.874,1712862.762
1624924800,11.333,12.348,11.077,11.92,1388415.123,1656906.871
1625011200,11.921,12.166,11.035,11.949,1137246.751,1593458.888
1625097600,11.94,12.08,11,11.181,717086.767,1530048.297
1625184000,11.19,11.355,10.572,11.112,979100.755,1492947.9
1625270400,11.117,11.676,10.878,11.509,737397.368,1434564.232
1625356800,11.499,12.9,11.21,12.345,1361790.033,1414966.055
1625443200,12.342,12.44,11.519,12.042,1408712.788,1404453.621
1625529600,12.041,14.226,12.026,13.384,2391422.133,1444366.898
1625616000,13.369,14.2,13.04,13.105,2048553.788,1437965.67
1625702400,13.091,13.118,11.838,12.098,1467700.322,1429018.409
1625788800,12.093,12.88,11.639,12.552,1365886.913,1463437.606
1625875200,12.559,12.851,11.838,12.015,729693.403,1441010.95
1625961600,12.023,12.49,11.912,12.433,574831.74,1359589.756
1626048000,12.437,12.841,11.7,12.157,1105226.312,1250681.556
1626134400,12.162,12.434,11.744,11.91,937209.081,1193003.694
1626220800,11.916,12.11,11.111,11.793,916149.504,1174374.474
1626307200,11.791,12.102,11.128,11.391,799151.217,1145857.264
1626393600,11.391,11.82,10.8,10.814,869808.847,1132547.627
1626480000,10.816,11.144,10.716,10.958,588168.81,1127325.826
1626566400,10.956,11.275,10.65,10.69,669471.278,1109651.147
1626652800,10.69,10.757,10.01,10.183,613091.689,1070884.975
1626739200,10.186,10.366,9.327,9.639,784232.566,1053234.266
1626825600,9.647,10.752,9.473,10.425,994914.755,1067125.665
1626912000,10.44,10.96,10.238,10.833,879782.503,1062159.752
1626998400,10.84,11.174,10.53,11.086,695996.732,1060089.721
1627084800,11.092,11.447,10.954,11.142,839109.691,1033955.704
1627171200,11.142,11.339,10.765,11.247,601383.149,993589.2216
1627257600,11.247,12.7,11.213,11.46,2057987.325,976917.4812
1627344000,11.455,12.352,11.175,11.917,977794.901,923379.5369
1627430400,11.921,12.485,11.691,12.32,1510307.384,925509.89
1627516800,12.331,12.65,11.98,12.433,1634174.61,938924.2748
1627603200,12.433,13,11.93,12.978,1572248.756,981052.0425
1627689600,12.978,13.63,12.585,13.525,1248768.221,1014748.867
1627776000,13.535,14.077,12.617,12.853,1860616.438,1052518.373
1627862400,12.846,13.374,12.616,12.993,928801.989,1052098.018
1627948800,12.992,13.522,12.325,12.557,1198368.484,1066208.967
1628035200,12.568,13.78,12.41,13.696,1246721.964,1088587.505
1628121600,13.696,14,12.849,13.834,1372439.967,1113719.061
1628208000,13.834,15.08,13.388,14.77,2108094.949,1189715.368
1628294400,14.774,15.952,14.612,15.834,2346816.422,1273582.625
1628380800,15.85,16.1,14.557,14.826,1318372.027,1308846.642
1628467200,14.83,16.759,14.424,16.169,2569371.614,1398103.594
1628553600,16.167,17.184,15.801,16.42,2076458.198,1452180.766
1628640000,16.43,17.547,16.378,16.688,1849892.045,1500686.243
1628726400,16.674,17.538,15.429,16.575,1704787.841,1551125.799
1628812800,16.574,18.291,16.389,18.031,1519296.777,1585135.153
1628899200,18.044,18.433,17.169,18.093,1428803.971,1626506.194
1628985600,18.09,18.855,17.058,18.762,1404168.533,1593815.255
1629072000,18.762,21.13,18.441,19.071,3800908.89,1734970.954
1629158400,19.071,25.46,18.418,23.446,10172036.37,2168057.403
1629244800,23.452,30.885,21.454,29.993,12872464.95,2729971.921
1629331200,29.992,33.755,28.714,30.653,11884539.99,3245586.482
1629417600,30.653,39.229,29.943,39.155,8246852.137,3595490.678
1629504000,39.148,50.27,37.676,43.676,13275218.25,4166220.769
1629590400,43.693,45.03,40.537,43.663,8717113.46,4555636.342
1629676800,43.682,53.623,43.614,46.451,11058622.44,5048649.04
1629763200,46.407,58.977,44.151,55.474,13474170.16,5660021.45
1629849600,55.475,57.584,45.65,46.208,11480697.37,6165434.32
1629936000,46.211,48.463,41.2,41.32,9280721.696,6524065.657
1630022400,41.32,50.47,40.3,50.14,10990447.1,6956247.191
1630108800,50.12,51.79,46.12,50.2,7177328.364,7249195.008
1630195200,50.2,52.4,46.66,47.39,5176181.901,7379535.522
1630281600,47.43,48.33,41,41.44,6827433.15,7617084.27
1630368000,41.42,44.22,38.17,39.5,6855430.916,7867361.213
1630454400,39.51,45.71,38.55,42.47,7820541.217,8173148.882
1630540800,42.5,47.98,41,47.58,6481497.68,8421258.927
1630627200,47.6,51.66,44.45,45.89,9097559.66,8804696.712
1630713600,45.9,49.88,44.07,47.15,6077749.28,9038375.749
1630800000,47.19,49.4,45.44,48.15,5904540.19,9143557.314
1630886400,48.14,51.36,42.45,47.1,7931732.22,9031542.106
1630972800,47.11,47.2,32.23,37.93,12849059.62,9030371.839
1631059200,37.97,39.5,33.08,37,7464147.83,8809352.232
1631145600,37.03,44.6,36.21,40.77,10152448.67,8904632.058
1631232000,40.75,49.7,40.38,49.3,17253541.93,9103548.242
1631318400,49.33,59.25,48.11,57.02,16295853.42,9482485.24
1631404800,57.02,64.9,53.59,59.22,16140497.31,9736578.984
1631491200,59.21,60.92,47.66,53.15,17195092.8,9922625.116
1631577600,53.14,57.63,48.8,51.5,8170590.05,9757119.75
1631664000,51.51,58.18,50.3,57.84,6756093.54,9630888.342
1631750400,57.83,68.33,57.17,67.56,15000080.37,9831370.006
1631836800,67.59,70.9,60.36,70.11,10905614.47,10017784.31
1631923200,70.15,75.59,67.16,69.02,10521283.49,10285039.39
1632009600,69.02,76.27,66.42,70.07,9524488.551,10419892.16
1632096000,70.06,70.45,55,57.33,15410116.45,10847626.44
1632182400,57.34,66.24,52.55,58.98,15940591.44,11253628.95
1632268800,59,74.69,57.72,74.07,13033656.1,11581236.87
1632355200,74.04,79.8,72.76,76.44,11366707.86,11694694.28
1632441600,76.43,78.86,66.59,72.31,11472906.45,11964452.14
1632528000,72.3,72.6,67.5,68.28,4943069.71,11916378.61
1632614400,68.28,71.44,61.59,66.77,6395395.4,11839561.77
1632700800,66.77,72.69,65.31,66.33,5974772.52,11495847.42
1632787200,66.34,69.44,61.11,61.51,4765761.77,11360928.11
1632873600,61.51,69.5,61.26,65.46,6780246.71,11192318.02
1632960000,65.46,68.91,64.28,66.63,5085384.45,10583910.14
1633046400,66.64,69.58,63.12,67.67,6973676.03,10117801.27
1633132800,67.66,73.41,65.8,69.08,6536616.52,9637607.234
1633219200,69.09,71.61,67.55,68.69,4467356.39,9001220.413
1633305600,68.69,68.76,63.3,65.29,4826593.69,8834020.595
1633392000,65.26,66.78,62.7,64.6,3831519.71,8687791.904
1633478400,64.6,65.76,58.16,60.01,5068720.14,8191223.892
1633564800,60,62.29,57.39,61.52,4761648.55,7884025.596
1633651200,61.53,64.94,59.76,60.51,4392451.39,7577583.992
1633737600,60.52,62.04,59.7,60.63,1985268.84,7200623.006
1633824000,60.63,61.01,55.39,56.51,2515959.37,6555915.152
1633910400,56.5,59.23,53.76,55.3,3407191.2,5929245.14
1633996800,55.3,55.31,51.04,54.34,4070051.4,5481064.905
1634083200,54.33,57.09,53.23,55.01,3632007.14,5094329.869
1634169600,55,58.46,54.92,56.18,3000941.32,4670731.612
1634256000,56.18,57.61,54.44,56.36,2963326.33,4571744.443
1634342400,56.33,62.11,55.68,57.61,3914987.29,4447724.038
1634428800,57.62,58.55,53.27,56.1,2134508.3,4255710.827
1634515200,56.11,56.46,54.05,55.48,1553173.47,4095081.412
1634601600,55.47,58.1,55.12,56.8,1873629.97,3849750.575
1634688000,56.81,61.64,56.7,59.66,2707834.23,3730873.064
1634774400,59.66,64.35,58.78,61.48,3959021.69,3580140.347
1634860800,61.48,68.83,61.36,65.54,5522607.5,3529439.896
1634947200,65.54,69.18,64.51,65.38,2977532.28,3454948.69
1635033600,65.39,67.61,61.94,64.53,2184761.84,3322857.098
1635120000,64.53,69.9,64.35,69.73,2270486.65,3244805.445
1635206400,69.74,73.01,67.61,68.66,3840473.4,3183393.108
1635292800,68.68,69.82,57.02,61.57,4273308.61,3158976.111
1635379200,61.58,64.98,61.44,64.34,2484514.38,3063579.26
1635465600,64.34,66.19,63.43,64.87,1513107.96,3039971.216
1635552000,64.87,64.96,60.89,62.35,1483432.23,2988344.859
1635638400,62.33,64.5,60.09,64.5,1531085.26,2894539.562
1635724800,64.5,66.85,62.19,64.93,2515107.85,2816792.385
1635811200,64.94,68.04,64.26,67.74,1746644.56,2722524.256
1635897600,67.75,75.57,67.09,75.55,4504183.21,2797686.35
1635984000,75.56,80.91,73.91,78.97,4700338.465,2884536.957
1636070400,78.96,81,72.13,74.19,2367154.9,2807145.338
1636156800,74.19,78.72,72.32,78.72,1708791.07,2785859.476
1636243200,78.7,88.88,78,87.57,4847020.516,2950551.829
1636329600,87.56,96.92,83.61,91.18,6890764.661,3201408.563
1636416000,91.18,91.49,87,88.33,2716240.59,3201828.881
1636502400,88.35,94,78.31,85.23,4363326.07,3222044.1
1636588800,85.19,89.56,83.73,87.88,2085731.8,3050200.315
1636675200,87.86,89.88,81.11,84.78,2247279.59,3013687.681
1636761600,84.81,98.69,84.79,97.54,3519352.278,3080417.202
1636848000,97.56,99.9,91.65,95.4,3548704.679,3144328.104
1636934400,95.4,101.7,92,93.9,3770997.004,3140854.284
1637020800,93.86,101.82,83.5,97.84,5618799.05,3208128.806
1637107200,97.8,110,91.5,107.63,7144221.098,3441114.142
1637193600,107.62,110.41,92,100.63,5656362.447,3648276.866
1637280000,100.54,112.35,95.89,111.93,4039089.13,3776059.711
1637366400,111.91,129.94,111.57,125.83,5546998.32,3976855.364
1637452800,125.86,147,123.23,128.47,7608661.934,4231533.069
1637539200,128.52,145,125.76,134.84,6564376,4472419.641
1637625600,134.84,136.49,121.75,123.83,4209995.63,4457710.262
1637712000,123.83,124.68,112.64,115.24,4577775.34,4451582.105
1637798400,115.25,130,114.22,119.27,4680745.85,4567261.653
1637884800,119.25,119.87,101.31,104.27,4575826.59,4710613.429
1637971200,104.3,118,103.22,113.52,2842064.96,4610365.651
1638057600,113.55,113.97,100.57,110.42,3365794.57,4434117.146
1638144000,110.42,120.41,109.03,120.39,2516574.06,4424133.82
1638230400,120.39,124.8,114,120.41,3625461.85,4387240.609
1638316800,120.42,127.41,117.25,119.65,3007063.68,4433307.203
1638403200,119.64,119.75,106.88,107.78,2475877.81,4444737.114
1638489600,107.79,113.23,100,108.32,3316203.87,4434579.694
1638576000,108.36,108.81,76.57,93.05,6768729.16,4595580.918
1638662400,93.02,95.5,82.55,86.35,3562051.48,4585133.641
1638748800,86.34,94.9,77,92.97,5155977.54,4561992.566
1638835200,92.93,96.62,88,89.57,2882225.85,4348892.804
1638921600,89.54,93.22,86,93.19,1976726.13,4164910.988
1639008000,93.2,94.57,83.28,85.46,2603024.55,4093107.759
1639094400,85.41,91.78,80.22,80.61,3342367.08,3982876.197
1639180800,80.57,87.07,78.32,86.55,2324989.97,3718692.598
1639267200,86.55,88.97,82.94,88,1544788.55,3467713.226
1639353600,88.01,89.92,75.5,79.05,3604282.51,3437427.57
1639440000,79.05,87.46,76.31,87.17,2973253.39,3357201.472
1639526400,87.16,105.77,86.1,101.24,6449158.02,3445622.081
1639612800,101.28,110,98,98.21,4989316.02,3466296.552
1639699200,98.23,116.1,98.14,110.81,6159186.26,3632152.617
1639785600,110.82,117.39,105.51,115.9,3442233.16,3635974.547
1639872000,115.91,116.69,106.66,107.61,2140304.15,3617161.051
1639958400,107.61,116.33,100.96,113.55,4463038.26,3659039.872
1640044800,113.52,123.97,110.59,123.24,3711910.2,3694282.198
1640131200,123.23,127.32,115.55,116.69,2949493.16,3717962.965
1640217600,116.68,125.06,116.22,121.4,2526919.7,3678498.757
1640304000,121.45,124.57,113.19,114.94,2103167.74,3445220.686
1640390400,114.95,116.93,112,115.01,1699906.82,3352113.453
1640476800,114.99,118,109.28,115.02,1883628.3,3188495.991
1640563200,115.06,120.96,113.23,113.85,1737709.92,3131270.194
1640649600,113.85,116.73,104.33,107.06,2819996.86,3173433.731
1640736000,107.05,110.55,102.3,103.1,1941041.1,3140334.558
1640822400,103.1,105.4,98.25,101.75,1935135.51,3069972.98
1640908800,101.75,111.99,100.13,109.43,2472808.44,3077363.903
1640995200,109.43,114.5,108.42,114.13,1211127.98,3060680.875
1641081600,114.12,117.53,112,113.03,1157325.57,2938333.028
1641168000,113.02,114.13,106.01,108.11,1518111.91,2865575.954
1641254400,108.11,109.28,102.78,103.33,1646729.79,2625454.542
1641340800,103.33,106.66,90.4,97.42,2277529.75,2489865.229
1641427200,97.42,97.97,91.04,95.11,1633034.05,2263557.618
1641513600,95.1,95.54,85,86.74,2602084.56,2221550.188
1641600000,86.74,89.64,79.18,83.9,2469062.48,2237988.105
1641686400,83.87,91.88,82.46,89.33,1808479.57,2105260.17
1641772800,89.32,92.4,80.1,84.36,2836094.17,2061469.369
1641859200,84.42,91,83.21,89.59,1431317.89,1985560.605
1641945600,89.57,96.89,88.8,95.94,1757081.56,1947068.698
1642032000,95.95,97.26,89.08,89.65,1429888.43,1913404.733
1642118400,89.65,91.77,87.23,90.39,1200068.6,1888412.822
1642204800,90.4,94.44,89.47,92.98,914689.68,1839965.891
1642291200,92.98,94.9,91.8,92.24,967418.87,1801451.338
1642377600,92.25,92.5,85.34,86.67,1328305,1726866.745
1642464000,86.67,87.41,83.7,86,1041520.48,1681890.714
1642550400,86.03,86.38,81.08,82.61,1139560.79,1642111.978
1642636800,82.58,87.8,78.68,79.33,1225812.76,1579762.194
1642723200,79.32,80.38,63.93,66.06,3392205.59,1688816.075
1642809600,66.03,67.54,52.95,59.78,5109157.94,1886407.693
1642896000,59.81,66.88,59.02,64.83,2925856.96,1956794.946
1642982400,64.8,64.83,55.14,63.06,3701249.83,2059520.948
1643068800,63,70.53,61.65,68.01,2702473.42,2080768.131
1643155200,68.01,69.92,66.17,69.06,452262.85,2021729.571
