1602460800,0.0027,0.0028,0.0027,0.0027,1051246,1566401.45
1602547200,0.0027,0.0027,0.0026,0.0026,268827,1511607.6
1602633600,0.0026,0.0027,0.0026,0.0027,877960,1522148.75
1602720000,0.0026,0.0027,0.0025,0.0027,2891669,1572236.1
1602806400,0.0026,0.0027,0.0025,0.0026,6868658,1858400.7
1602892800,0.0026,0.0026,0.0025,0.0025,3422164,1962960.45
1602979200,0.0026,0.0027,0.0025,0.0026,1315260,1951538.45
1603065600,0.0026,0.0027,0.0025,0.0026,1445853,1854014.45
1603152000,0.0026,0.0027,0.0025,0.0025,8982666,2245044.5
1603238400,0.0026,0.0027,0.0026,0.0026,952048,2234614.65
1603324800,0.0027,0.0027,0.0026,0.0026,925417,2189860.7
1603411200,0.0026,0.0027,0.0026,0.0027,264131,2175794.15
1603497600,0.0027,0.0027,0.0026,0.0027,177121,2129009.95
1603584000,0.0026,0.0027,0.0026,0.0027,1630653,2194348.4
1603670400,0.0027,0.0029,0.0026,0.0027,13907039,2802797
1603756800,0.0027,0.0028,0.0026,0.0026,1339355,2855394.85
1603843200,0.0027,0.0027,0.0025,0.0026,2353440,2933548.3
1603929600,0.0025,0.0027,0.0025,0.0025,1813484,2708100.35
1604016000,0.0026,0.0026,0.0025,0.0026,5641062,2862965.4
1604102400,0.0026,0.0026,0.0025,0.0025,1345788,2873692.05
1604188800,0.0025,0.0026,0.0025,0.0025,328237,2837541.6
1604275200,0.0025,0.0026,0.0025,0.0025,1298417,2889021.1
1604361600,0.0026,0.0026,0.0024,0.0026,3100513,3000148.75
1604448000,0.0025,0.0026,0.0025,0.0025,1463074,2928719
1604534400,0.0026,0.0027,0.0025,0.0027,7557585,2963165.35
1604620800,0.0027,0.0029,0.0026,0.0028,2972954,2940704.85
1604707200,0.0028,0.0029,0.0026,0.0026,1557615,2952822.6
1604793600,0.0027,0.0028,0.0026,0.0028,492117,2905135.8
1604880000,0.0027,0.0028,0.0027,0.0027,308178,2471411.4
1604966400,0.0027,0.0029,0.0026,0.0028,3962184,2621918.2
1605052800,0.0028,0.0029,0.0027,0.0027,842362,2617765.45
1605139200,0.0027,0.0028,0.0027,0.0027,506198,2629868.8
1605225600,0.0028,0.0029,0.0027,0.0029,3725808,2807303.15
1605312000,0.0028,0.0029,0.0027,0.0027,4617595,2956650.25
1605398400,0.0028,0.0028,0.0027,0.0028,3264276,2424512.1
1605484800,0.0027,0.003,0.0027,0.0029,7236307,2719359.7
1605571200,0.0029,0.003,0.0028,0.0029,9218703,3062622.85
1605657600,0.003,0.003,0.0028,0.0029,1939492,3068923.25
1605744000,0.003,0.003,0.0028,0.0029,1727561,2873248.2
1605830400,0.003,0.0031,0.0029,0.0029,2286889,2920303.25
1605916800,0.003,0.0037,0.0029,0.0036,32161500,4511966.4
1606003200,0.0035,0.0037,0.0032,0.0035,13576047,5125847.9
1606089600,0.0033,0.0037,0.0032,0.0037,13684065,5655025.5
1606176000,0.0037,0.0043,0.0036,0.0043,33796304,7271687
1606262400,0.0042,0.0042,0.0036,0.0037,15989454,7693280.45
1606348800,0.0038,0.0038,0.0029,0.0032,11057625,8097514
1606435200,0.0033,0.0034,0.003,0.0033,17431677,8891217.1
1606521600,0.0033,0.0035,0.0032,0.0035,12785709,9505896.7
1606608000,0.0034,0.0035,0.0033,0.0035,2143769,9597676.25
1606694400,0.0035,0.0036,0.0034,0.0035,9029904,9851062.25
1606780800,0.0035,0.0036,0.0032,0.0034,9340390,10275963.65
1606867200,0.0033,0.0035,0.0033,0.0033,7271873,10614247.4
1606953600,0.0033,0.0035,0.0033,0.0035,4566305,10656272.25
1607040000,0.0035,0.0035,0.0032,0.0034,3488384,10599811.7
1607126400,0.0033,0.0035,0.0032,0.0033,3326842,10602940
1607212800,0.0035,0.0035,0.0033,0.0034,4515593,10466904.3
1607299200,0.0034,0.0034,0.0033,0.0034,3237833,10167860.8
1607385600,0.0034,0.0034,0.0031,0.0031,6355553,10388663.85
1607472000,0.0032,0.0032,0.003,0.0032,1657110,10385141.3
1607558400,0.0032,0.0032,0.003,0.0031,1021083,10321851
1607644800,0.0032,0.0032,0.003,0.0031,4249763,8926264.15
1607731200,0.0031,0.0032,0.003,0.0031,4307295,8462826.55
1607817600,0.0032,0.0033,0.0031,0.0032,2613443,7909295.45
1607904000,0.0033,0.0033,0.0032,0.0033,881104,6263535.45
1607990400,0.0032,0.0033,0.0031,0.0031,3731431,5650634.3
1608076800,0.0033,0.0035,0.0031,0.0034,7293391,5462422.6
1608163200,0.0035,0.0042,0.0034,0.0038,22555354,5718606.45
1608249600,0.0037,0.004,0.0036,0.0038,3636091,5261125.55
1608336000,0.0038,0.0041,0.0038,0.0039,6601341,5484004.15
1608422400,0.0039,0.0048,0.0038,0.0045,46360170,7350517.45
1608508800,0.0047,0.0055,0.0044,0.0049,77094408,10738218.35
1608595200,0.0047,0.0049,0.0043,0.0046,16219008,11185575.1
1608681600,0.0046,0.0048,0.0036,0.0038,19883878,11951453.75
1608768000,0.0037,0.0046,0.0036,0.0045,18723463,12713207.7
1608854400,0.0045,0.0047,0.0043,0.0046,14241715,13258951.35
1608940800,0.0046,0.0047,0.0044,0.0045,12106434,13638493.4
1609027200,0.0045,0.0049,0.0045,0.0045,15169557,14235079.6
1609113600,0.0046,0.0048,0.0045,0.0046,11490797,14491841.8
1609200000,0.0045,0.0047,0.0042,0.0044,18710809,15344526.75
1609286400,0.0045,0.0047,0.0044,0.0046,16769826,16131963.9
1609372800,0.0046,0.0048,0.0045,0.0046,10157112,16427331.35
1609459200,0.0047,0.0058,0.0046,0.0057,56687711,19046352.15
1609545600,0.0056,0.0141,0.0056,0.0106,1317837114,84807535.7
1609632000,0.0107,0.0139,0.0092,0.0098,737178778,121622419.4
1609718400,0.0099,0.0116,0.0075,0.0097,340849146,138478305.2
1609804800,0.0097,0.0104,0.0089,0.01,154199122,145823591.7
1609891200,0.01,0.0111,0.0096,0.0104,202829808,154837314.4
1609977600,0.0106,0.0106,0.0086,0.0096,121257875,160718403.6
1610064000,0.0097,0.0104,0.0089,0.0098,61224938,163449583.5
1610150400,0.0099,0.0107,0.0097,0.0102,93606223,165811886.1
1610236800,0.0102,0.0109,0.0089,0.0099,73783221,165646326.8
1610323200,0.0098,0.0098,0.0066,0.0089,91024649,169386608.8
1610409600,0.0089,0.0092,0.0079,0.0081,54076945,171096262.2
1610496000,0.0081,0.0087,0.0076,0.0087,55858898,172953033.9
1610582400,0.0087,0.01,0.0083,0.0094,93764574,176929176.9
1610668800,0.0094,0.0099,0.0083,0.0094,54662270,179056968.7
1610755200,0.0094,0.0095,0.0091,0.0092,40174238,180307202.7
1610841600,0.0092,0.0094,0.0088,0.0092,43401947,181902760.2
1610928000,0.0092,0.0093,0.0088,0.0092,48187816,183376610.6
1611014400,0.0093,0.0096,0.009,0.0091,35419678,184309103.2
1611100800,0.0091,0.0092,0.0085,0.0091,25244824,185063488.8
1611187200,0.0091,0.0091,0.008,0.0081,27363427,183597274.6
1611273600,0.0081,0.0088,0.0076,0.0085,27726818,119091759.8
1611360000,0.0086,0.0088,0.0083,0.0086,19769695,83221305.6
1611446400,0.0086,0.0089,0.0085,0.0087,17051021,67031399.35
1611532800,0.0087,0.0089,0.0083,0.0083,27130225,60677954.5
1611619200,0.0083,0.0085,0.0079,0.0083,20988712,51585899.7
1611705600,0.0082,0.0083,0.0072,0.0075,21906234,46618317.65
1611792000,0.0075,0.0375,0.0073,0.0374,3022429172,194678529.4
1611878400,0.0374,0.088,0.0309,0.0455,5424903870,461243411.7
1611964800,0.0456,0.0508,0.0222,0.0284,2256382396,570373370.5
1612051200,0.0284,0.049,0.0268,0.0371,2277899865,679717131.3
1612137600,0.037,0.0439,0.0324,0.0347,1425056563,748266112.2
1612224000,0.0348,0.0353,0.0287,0.0313,690451623,779995748.4
1612310400,0.0314,0.04,0.031,0.0375,760246072,813319823.3
1612396800,0.0372,0.06,0.0359,0.0532,2573821545,939277787.1
1612483200,0.0532,0.0545,0.0426,0.0468,1207184097,997628280
1612569600,0.0469,0.0589,0.0443,0.0576,914232785,1041169822
1612656000,0.0579,0.0875,0.0531,0.0779,2235022538,1150511558
1612742400,0.078,0.0854,0.0623,0.0787,1494401620,1223460655
1612828800,0.0787,0.084,0.062,0.07,853272733,1264862051
1612915200,0.07,0.0817,0.0667,0.0728,591610424,1293074400
1613001600,0.0726,0.075,0.0681,0.0698,313444639,1307360291
1613088000,0.0698,0.073,0.0607,0.0702,345316399,1323637627
1613174400,0.0702,0.072,0.0657,0.0663,182328823,1331901517
1613260800,0.0663,0.0666,0.0556,0.0627,326998421,1346894927
1613347200,0.0627,0.064,0.0477,0.0566,505395497,1371115266
1613433600,0.0566,0.0599,0.0508,0.0535,244297517,1382234830
1613520000,0.0537,0.0554,0.0478,0.0495,247893518,1243508047
1613606400,0.0496,0.0648,0.0489,0.059,572239329,1000874820
1613692800,0.0591,0.0597,0.0538,0.0552,304749122,903293156.5
1613779200,0.0552,0.0607,0.0529,0.0543,250975869,801946956.7
1613865600,0.0543,0.0599,0.0534,0.0562,181842990,739786278.1
1613952000,0.0562,0.0609,0.048,0.0535,284907664,719509080.1
1614038400,0.0537,0.0539,0.0426,0.0478,220837921,692538672.6
1614124800,0.0475,0.0606,0.0459,0.057,342457751,580970482.9
1614211200,0.057,0.0582,0.0496,0.0499,182251713,529723863.7
1614297600,0.0499,0.0526,0.0485,0.0506,123619052,490193177
1614384000,0.0506,0.052,0.0492,0.0501,97647035,383324401.9
1614470400,0.0501,0.0503,0.0448,0.0484,109288767,314068759.2
1614556800,0.0482,0.0527,0.0479,0.0507,110944679,276952356.5
1614643200,0.0506,0.0526,0.0492,0.0505,91374810,251940575.8
1614729600,0.0504,0.0523,0.05,0.0508,89630492,240749868.5
1614816000,0.0507,0.0514,0.0477,0.05,116500083,229309052.7
1614902400,0.05,0.051,0.048,0.0497,82146455,224299934.3
1614988800,0.0495,0.0526,0.0492,0.0511,151719853,215536005.9
1615075200,0.0511,0.0524,0.0505,0.0521,72392304,193885846.2
1615161600,0.0521,0.0633,0.0516,0.0631,361843821,199763161.4
1615248000,0.0632,0.0632,0.0559,0.0581,231892955,198963133.3
1615334400,0.058,0.0588,0.0546,0.0559,121948313,176448582.5
1615420800,0.056,0.057,0.0544,0.056,83478713,165385062
1615507200,0.0561,0.057,0.0544,0.0552,97478250,157710181.1
1615593600,0.0554,0.0628,0.0546,0.0628,191692075,158202635.3
1615680000,0.0628,0.0636,0.0585,0.0586,279412660,157927885.1
1615766400,0.0585,0.0598,0.055,0.057,154688270,154620402.6
1615852800,0.0571,0.0591,0.0552,0.0587,132467559,144120893
1615939200,0.0586,0.059,0.0565,0.058,84999016,139258258.1
1616025600,0.0578,0.0594,0.0569,0.0574,68403448,136497477.9
1616112000,0.0575,0.0599,0.0565,0.0583,88278735,136029062.9
1616198400,0.0583,0.0607,0.0579,0.0589,115715680,136350408.6
1616284800,0.0589,0.0596,0.0567,0.0575,71182596,134362304.4
1616371200,0.0575,0.058,0.0544,0.055,82996435,133943385.7
1616457600,0.055,0.0562,0.0527,0.0535,67329730,132828347.6
1616544000,0.0533,0.0568,0.0507,0.0516,78332378,130919962.3
1616630400,0.0516,0.0525,0.0496,0.0514,104891826,132057230.9
1616716800,0.0512,0.0541,0.0512,0.054,48856535,126914065
1616803200,0.054,0.0555,0.0534,0.0544,49933984,125791149
1616889600,0.0544,0.0549,0.053,0.0537,34789299,109438422.9
1616976000,0.0537,0.0548,0.0531,0.054,40159550,99851752.6
1617062400,0.054,0.0557,0.0536,0.054,54845250,96496599.45
1617148800,0.0542,0.0546,0.0517,0.0537,46538379,94649582.75
1617235200,0.0539,0.07,0.0535,0.0623,484143824,113982861.5
1617321600,0.0623,0.063,0.0573,0.0577,152687522,112032633.8
1617408000,0.0576,0.0595,0.0555,0.0556,73216616,101722831.6
1617494400,0.0555,0.0582,0.0551,0.0575,44507461,96213791.15
1617580800,0.0574,0.0607,0.0562,0.06,79515718,93566199.1
1617667200,0.06,0.0653,0.058,0.0643,176313179,98131907.25
1617753600,0.0645,0.0675,0.0571,0.0588,209948144,105209142.1
1617840000,0.0589,0.0623,0.0586,0.0618,62096549,103900032.8
1617926400,0.0618,0.0643,0.0605,0.0615,70187336,101623615.6
1618012800,0.0615,0.0652,0.0609,0.0639,90386518,102583811.7
1618099200,0.0638,0.0799,0.0633,0.0744,503548901,123611435
1618185600,0.0744,0.0754,0.0687,0.0708,191212563,129805576.6
1618272000,0.0708,0.0962,0.0706,0.0945,747735757,163275745.6
1618358400,0.0943,0.1451,0.0923,0.1213,2063625213,261212414.9
1618444800,0.1215,0.1922,0.12,0.1826,1395148634,328527019.9
1618531200,0.1826,0.45,0.1795,0.3654,3474619246,499761283
1618617600,0.3661,0.3807,0.23,0.2824,1665806531,581312144.6
1618704000,0.2824,0.3515,0.24,0.3228,1132611324,635934733.3
1618790400,0.3234,0.4343,0.3089,0.4098,1234685985,694926770
1618876800,0.4098,0.4236,0.27,0.3176,1429822998,764091001
1618963200,0.3171,0.3479,0.296,0.306,586796435,769223631.5
1619049600,0.3058,0.3093,0.2515,0.2612,683192741,795748892.5
1619136000,0.2605,0.2693,0.16,0.25,994882948,841832209.1
1619222400,0.25,0.29,0.2282,0.2705,593898803,869301776.2
1619308800,0.2705,0.2898,0.2242,0.2516,422598068,886455893.7
1619395200,0.2515,0.281,0.2475,0.2717,273295841,891305026.8
1619481600,0.272,0.28,0.2647,0.2727,168816381,889248438.6
1619568000,0.2726,0.3466,0.256,0.3239,731079652,922697593.8
1619654400,0.3234,0.325,0.2951,0.3051,238731153,931124784.6
1619740800,0.3052,0.34,0.3023,0.3382,232616331,938236275.3
1619827200,0.3383,0.3976,0.328,0.3914,504574710,938287565.7
1619913600,0.3912,0.4,0.36,0.3743,356793035,946566589.3
1620000000,0.3744,0.4477,0.3738,0.4417,417812055,930070404.2
1620086400,0.4411,0.6129,0.39,0.5383,1304417594,892110023.3
1620172800,0.5386,0.6959,0.52,0.655,1222561481,883480665.6
1620259200,0.655,0.6662,0.54,0.5812,538691741,736684290.4
1620345600,0.5812,0.7332,0.5167,0.69,907537557,698770841.7
1620432000,0.69,0.74,0.6001,0.6369,761006803,680190615.6
1620518400,0.6375,0.7038,0.42,0.571,1648012098,700856921.3
1620604800,0.5709,0.5722,0.421,0.4505,552665750,656999058.9
1620691200,0.4509,0.548,0.443,0.4942,394733601,647395917.2
1620777600,0.4941,0.5221,0.3771,0.3912,327352745,629603917.4
1620864000,0.3972,0.5842,0.35,0.498,674442365,613581888.2
1620950400,0.498,0.5913,0.4645,0.56,566344552,612204175.7
1621036800,0.56,0.5647,0.4911,0.5087,246104642,603379504.4
1621123200,0.5087,0.549,0.45,0.5142,255730681,602501246.4
1621209600,0.5136,0.516,0.4555,0.4876,200949919,604107923.3
1621296000,0.488,0.515,0.4698,0.4759,145599734,574833927.4
1621382400,0.4762,0.4799,0.2011,0.3306,703200142,598057376.8
1621468800,0.33,0.4358,0.295,0.3978,478184038,610335762.2
1621555200,0.3982,0.4125,0.3138,0.3584,303942494,600304151.4
1621641600,0.3587,0.3639,0.317,0.3424,169041521,590916575.7
1621728000,0.3426,0.3511,0.2484,0.3067,310517051,585551825.5
1621814400,0.3072,0.375,0.2957,0.3662,255120009,533086946.2
1621900800,0.3661,0.3808,0.323,0.3462,193432083,481630476.3
1621987200,0.3465,0.3673,0.3372,0.353,108629127,460127345.6
1622073600,0.353,0.3535,0.3265,0.3344,75391917,418520063.6
1622160000,0.3345,0.3485,0.3005,0.3113,114468122,386193129.6
1622246400,0.3114,0.3181,0.28,0.3031,87272655,308156157.4
1622332800,0.3031,0.3109,0.287,0.3021,60069651,283526352.5
1622419200,0.3018,0.3299,0.2943,0.3256,72221690,267400756.9
1622505600,0.3256,0.3855,0.3113,0.37,266803180,264373278.7
1622592000,0.3702,0.4462,0.351,0.4236,456350635,253468692.2
1622678400,0.4236,0.4413,0.377,0.401,298618217,240082375.4
1622764800,0.401,0.4033,0.3504,0.3762,229946728,239274479.7
1622851200,0.3764,0.3948,0.36,0.3715,114770241,232226457.7
1622937600,0.3714,0.3769,0.3666,0.3714,46453488,224501636.2
1623024000,0.3714,0.38,0.3277,0.3316,126003812,223521840.1
1623110400,0.3316,0.3417,0.2958,0.3264,152222373,195972951.6
1623196800,0.3263,0.3549,0.3124,0.3434,118699685,177998734
1623283200,0.3437,0.3454,0.3222,0.3262,66294210,166116319.8
1623369600,0.3261,0.3336,0.3109,0.3187,58771703,160602828.9
1623456000,0.3187,0.3192,0.3006,0.3121,44881886,147321070.6
1623542400,0.3121,0.3306,0.3071,0.324,42488968,136689518.6
1623628800,0.3248,0.3378,0.32,0.3279,53331617,129684495.3
1623715200,0.3278,0.331,0.3167,0.3203,45581324,126532105.1
1623801600,0.3202,0.3214,0.3053,0.3078,37822653,124653641.9
1623888000,0.3078,0.3141,0.3021,0.3062,30536223,120457047
1623974400,0.3061,0.3076,0.28,0.2932,74463065,119816567.5
1624060800,0.2934,0.2979,0.2857,0.2857,36099655,118618067.7
1624147200,0.2856,0.2896,0.2552,0.28,91212732,119567619.8
1624233600,0.2804,0.281,0.165,0.179,486496716,130552296.6
1624320000,0.179,0.206,0.1625,0.1908,385549531,127012241.4
1624406400,0.1909,0.2494,0.1802,0.2349,341794415,129171051.3
1624492800,0.235,0.2696,0.222,0.2639,238061677,129576798.7
1624579200,0.264,0.2897,0.2287,0.2378,392735707,143475072
1624665600,0.2377,0.2555,0.2307,0.2456,149186848,148611740
1624752000,0.2458,0.2673,0.2403,0.2647,101502501,147386674.5
1624838400,0.2647,0.2675,0.2505,0.257,107731690,145162140.3
1624924800,0.257,0.2757,0.2526,0.2635,100156833,144234997.7
1625011200,0.2635,0.2638,0.238,0.254,93457681,145593171.3
1625097600,0.2541,0.2616,0.2382,0.2442,103496890,147829430.6
1625184000,0.2439,0.249,0.2385,0.245,57317185,148451195.6
1625270400,0.2452,0.2501,0.2421,0.2463,31742349,147913864.6
1625356800,0.2464,0.2529,0.2434,0.2464,30715050,146783036.3
1625443200,0.2465,0.2465,0.226,0.2313,61242987,147566119.4
1625529600,0.2311,0.2421,0.2293,0.2343,45865699,147968271.7
1625616000,0.2342,0.2387,0.2203,0.224,46851856,148784053.4
1625702400,0.224,0.2248,0.2017,0.207,107662777,150444039
1625788800,0.2072,0.2298,0.1954,0.2197,167977677,157037940.1
1625875200,0.2197,0.228,0.2098,0.2137,62012205,155577913.7
1625961600,0.2137,0.219,0.2107,0.2159,27998330,132652994.4
1626048000,0.2159,0.2189,0.204,0.2079,49115394,115831287.6
1626134400,0.2077,0.2088,0.1973,0.2,56853147,101584224.2
1626220800,0.2,0.2046,0.1875,0.1975,91270315,94244656.05
1626307200,0.1976,0.2009,0.1804,0.1854,62330112,77724376.3
1626393600,0.1853,0.1882,0.1711,0.172,76467640,74088415.9
1626480000,0.1719,0.2056,0.1689,0.1876,202452172,79135899.45
1626566400,0.1877,0.1962,0.1804,0.1817,96199278,78559278.85
1626652800,0.1817,0.1842,0.1704,0.1734,74832356,77293055
1626739200,0.1738,0.1799,0.16,0.1705,150860462,80163194.05
1626825600,0.1705,0.2145,0.1684,0.1904,315929449,90784822
1626912000,0.1905,0.1964,0.1863,0.1912,70032242,91420574.85
1626998400,0.1913,0.1997,0.1828,0.195,70618125,93364363.65
1627084800,0.1951,0.2045,0.191,0.197,94330172,96545119.75
1627171200,0.1972,0.2008,0.1912,0.1981,83303093,97648125.05
1627257600,0.1981,0.2332,0.197,0.2037,338975289,112303604.6
1627344000,0.2038,0.2095,0.1951,0.206,103773701,115149696.8
1627430400,0.206,0.2138,0.2017,0.2057,94959835,114514549.7
1627516800,0.2058,0.2066,0.2004,0.2049,53315185,108781425.1
1627603200,0.205,0.2107,0.196,0.2089,78227920,109592210.9
1627689600,0.2088,0.2144,0.2049,0.2078,62971054,111340847.1
1627776000,0.2078,0.218,0.2012,0.2045,95151213,113642638
1627862400,0.2043,0.2099,0.2017,0.2033,47281763,113164068.8
1627948800,0.2033,0.2051,0.1934,0.1961,57866623,111493884.2
1628035200,0.1962,0.2035,0.1942,0.2014,65393032,111647030.2
1628121600,0.2014,0.2023,0.1945,0.2009,59339218,110790609.1
1628208000,0.2011,0.2119,0.1984,0.2047,76967662,104516383.6
1628294400,0.2049,0.263,0.2038,0.2621,427919740,121102406.7
1628380800,0.2622,0.2838,0.235,0.2402,559455910,145333584.4
1628467200,0.2402,0.2667,0.2306,0.2563,379007138,156740918.2
1628553600,0.2561,0.2633,0.2451,0.2574,249715052,153430198.4
1628640000,0.2576,0.2828,0.2564,0.2646,350540557,167455614.1
1628726400,0.2646,0.2948,0.2515,0.2641,449828238,186416119.8
1628812800,0.2641,0.2876,0.2616,0.2869,252419637,194320593
1628899200,0.2869,0.2988,0.276,0.2942,339052742,207108075.5
1628985600,0.2942,0.3502,0.286,0.3402,613057491,220812185.6
1629072000,0.3402,0.3517,0.31,0.3193,520916779,241669339.5
1629158400,0.3193,0.34,0.2946,0.2993,441180028,258980349.1
1629244800,0.2993,0.3253,0.2777,0.3033,485929651,280611072.4
1629331200,0.3031,0.3193,0.2936,0.3179,253459957,289372674.3
1629417600,0.3179,0.334,0.3136,0.3274,212734114,296860827.3
1629504000,0.3275,0.3295,0.3142,0.3168,142320046,299219268.9
1629590400,0.3168,0.3218,0.305,0.3148,94812498,301595805.7
1629676800,0.3148,0.3282,0.3129,0.3179,140762591,305740604.1
1629763200,0.3177,0.3196,0.276,0.2887,172081929,311075048.9
1629849600,0.2887,0.2969,0.2796,0.2927,128287573,314522466.7
1629936000,0.2926,0.2963,0.2644,0.2684,141650504,317756608.8
1630022400,0.2684,0.2951,0.265,0.2945,105013689,301611306.2
1630108800,0.2949,0.2996,0.2831,0.2861,74254372,277351229.3
1630195200,0.2862,0.292,0.2767,0.2809,72970186,262049381.7
1630281600,0.281,0.2904,0.27,0.272,117055326,255416395.4
1630368000,0.272,0.286,0.2698,0.2783,115999549,243689345
1630454400,0.2783,0.295,0.2731,0.2946,141834637,228289665
1630540800,0.2945,0.3096,0.2919,0.2947,240860611,227711713.7
1630627200,0.2948,0.3049,0.286,0.2963,119219802,216720066.7
1630713600,0.2963,0.309,0.2933,0.2994,121112385,192122811.4
1630800000,0.2994,0.3157,0.2962,0.3143,123413901,172247667.5
1630886400,0.3146,0.32,0.3002,0.3092,117383442,156057838.2
1630972800,0.3092,0.3114,0.2137,0.2555,304102480,146966479.6
1631059200,0.2553,0.2633,0.2332,0.2566,160859155,142336439.5
1631145600,0.2564,0.26,0.2487,0.2524,134573376,138428402.6
1631232000,0.2525,0.262,0.2352,0.2397,122611240,137442962.3
1631318400,0.2397,0.2479,0.2377,0.2411,58314119,135618043.4
1631404800,0.2411,0.2552,0.2388,0.2502,90270619,133093444.8
1631491200,0.2502,0.2522,0.2283,0.2358,130207589,130999727.8
1631577600,0.236,0.2417,0.2336,0.2407,54660536,127318375.9
1631664000,0.2407,0.2482,0.239,0.2477,42782727,122374987.1
1631750400,0.2478,0.2479,0.2332,0.2419,53831958,119815900.5
1631836800,0.2421,0.2599,0.2375,0.24,173447248,124775544.3
1631923200,0.2401,0.2474,0.2381,0.2415,46416134,123447841.7
1632009600,0.2415,0.2415,0.2309,0.2328,49181464,120054148.6
1632096000,0.2329,0.2334,0.199,0.2087,249263603,126717351.3
1632182400,0.2086,0.2184,0.1976,0.2008,109961058,125123672.4
1632268800,0.2008,0.2304,0.1997,0.2245,116191469,118890215.3
1632355200,0.2245,0.2273,0.2176,0.2247,53456989,115602074.6
1632441600,0.2251,0.229,0.1968,0.2095,79959842,113544447.5
1632528000,0.2094,0.2127,0.2044,0.2085,61093052,110428405
1632614400,0.2085,0.209,0.1941,0.205,42746276,106696546.7
1632700800,0.2049,0.2094,0.1996,0.1996,24348722,92708858.8
1632787200,0.1997,0.2026,0.1962,0.1967,34845085,86408155.3
1632873600,0.1966,0.2041,0.1946,0.1987,26465218,81002747.4
1632960000,0.1987,0.2058,0.1976,0.2042,30313879,76387879.35
1633046400,0.2042,0.2253,0.2017,0.2226,61717999,76558073.35
1633132800,0.2229,0.225,0.2153,0.2186,41565541,74122819.45
1633219200,0.2187,0.2266,0.2157,0.2219,36261694,69425524.7
1633305600,0.2219,0.2487,0.2127,0.2416,222657140,77825354.9
1633392000,0.2417,0.268,0.2327,0.2517,235890849,87480761
1633478400,0.2517,0.2718,0.2423,0.2545,229972936,96287809.9
1633564800,0.2541,0.2569,0.2358,0.2429,179360528,96583473.9
1633651200,0.2429,0.2549,0.2416,0.244,67141855,97619759.95
1633737600,0.2441,0.2525,0.241,0.2467,43103169,97315845.2
1633824000,0.2468,0.2487,0.2266,0.2291,47618761,87233603.1
1633910400,0.2289,0.2395,0.225,0.2313,41329023,83802001.35
1633996800,0.2312,0.2318,0.2162,0.226,57305559,80857705.85
1634083200,0.226,0.2341,0.2206,0.2327,87615354,82565624.1
1634169600,0.2327,0.2403,0.2312,0.2324,71494454,82142354.7
1634256000,0.2328,0.2436,0.224,0.2341,125614462,85368425.2
1634342400,0.2339,0.2455,0.2337,0.2374,86076396,87534931.2
1634428800,0.2374,0.242,0.2252,0.2379,86082319,90621611.05
1634515200,0.2378,0.2725,0.2371,0.2472,329207074,105339710.5
1634601600,0.2472,0.2549,0.24,0.2456,97705847,108901742
1634688000,0.2454,0.2618,0.2421,0.2548,109838173,112877956.7
1634774400,0.2546,0.2586,0.105,0.2424,127112977,116147705.6
1634860800,0.2424,0.2529,0.2353,0.2445,163993678,122269112.4
1634947200,0.2444,0.2539,0.2411,0.251,82625059,124587280.7
1635033600,0.2512,0.2834,0.2458,0.2757,311904169,129049632.1
1635120000,0.2759,0.2805,0.2585,0.265,238232520,129166715.7
1635206400,0.265,0.2743,0.2521,0.2559,137034356,124519786.7
1635292800,0.2558,0.2635,0.218,0.238,495838984,140343709.5
1635379200,0.238,0.34,0.2326,0.2998,1199933840,196983308.7
1635465600,0.2999,0.3072,0.276,0.2882,404243067,215040303.6
1635552000,0.2881,0.295,0.258,0.269,232690538,224293892.5
1635638400,0.269,0.2853,0.2522,0.2802,266145107,235534696.7
1635724800,0.2803,0.2866,0.2638,0.2716,206614933,243000165.4
1635811200,0.2717,0.2812,0.2669,0.2741,112167151,244227755.2
1635897600,0.2742,0.2776,0.2628,0.269,99621462,245634105.6
1635984000,0.269,0.271,0.2541,0.2631,93764830,244041624
1636070400,0.263,0.2709,0.2569,0.261,78739143,243674761.4
1636156800,0.2612,0.2677,0.2502,0.262,53931267,242067208.8
1636243200,0.262,0.2698,0.2588,0.2666,39719969,227592853.5
1636329600,0.2668,0.2972,0.2647,0.2825,203675166,232891319.5
1636416000,0.2822,0.2906,0.2711,0.2736,106064721,232702646.9
1636502400,0.2737,0.2774,0.236,0.2556,194206169,236057306.5
1636588800,0.2553,0.2714,0.2534,0.2608,62414865,230978365.8
1636675200,0.2605,0.2687,0.2488,0.2596,71766172,230435421.5
1636761600,0.2595,0.2624,0.2543,0.2614,33469192,216513672.6
1636848000,0.2612,0.2718,0.2599,0.2627,46732545,206938673.9
1636934400,0.2631,0.2652,0.2555,0.2568,38519593,202012935.7
1637020800,0.2566,0.2567,0.2235,0.2367,143914487,184416710.9
1637107200,0.2367,0.2411,0.2296,0.2375,34460906,126143064.2
1637193600,0.2375,0.2414,0.2153,0.2215,69305327,109396177.2
1637280000,0.2214,0.2371,0.2162,0.233,43045395,99913920
1637366400,0.233,0.2359,0.225,0.2331,27273999,87970364.6
1637452800,0.2332,0.2334,0.2254,0.2259,25721772,78925706.55
1637539200,0.2258,0.2273,0.2167,0.2194,54849615,76059829.75
1637625600,0.2196,0.2368,0.2137,0.2267,104331435,76295328.4
1637712000,0.2265,0.2303,0.2108,0.2172,53127503,74263462.05
1637798400,0.217,0.2288,0.2141,0.2209,74287235,74040866.65
1637884800,0.2212,0.2217,0.1884,0.2018,198529364,81270771.5
1637971200,0.2018,0.2093,0.2007,0.2049,25615099,80565528
1638057600,0.2045,0.2075,0.1913,0.2074,38595186,72311529
1638144000,0.2074,0.2262,0.2025,0.2149,78116833,70914134.6
1638230400,0.2151,0.2276,0.2123,0.214,96963106,66051981.45
1638316800,0.2143,0.2179,0.2055,0.2088,44149774,65138726.9
1638403200,0.2087,0.2231,0.2012,0.2092,85136247,65807230.65
1638489600,0.2092,0.2124,0.191,0.2001,128139510,70540746.55
1638576000,0.1999,0.2006,0.1305,0.1783,305401197,83474179.15
1638662400,0.1786,0.1811,0.1622,0.1713,74329393,85264669.15
1638748800,0.1715,0.1806,0.1587,0.1783,104948575,83316373.55
1638835200,0.1779,0.1841,0.1748,0.1764,39214720,83554064.25
1638921600,0.1764,0.1822,0.1722,0.1788,36794508,81928523.3
1639008000,0.1791,0.183,0.1687,0.1691,45474548,82049980.95
1639094400,0.169,0.1747,0.1635,0.1641,39323733,82652467.65
1639180800,0.1641,0.17,0.1613,0.169,34399539,83086356
1639267200,0.1692,0.1737,0.1657,0.1698,35341483,82110949.4
1639353600,0.1697,0.1704,0.1509,0.1575,59232896,79856022.45
1639440000,0.1572,0.2205,0.1549,0.1911,342868375,94343066.05
1639526400,0.1907,0.1911,0.1705,0.1811,108526032,96055005.9
1639612800,0.181,0.1854,0.1724,0.1731,46609570,88459016.2
1639699200,0.1731,0.1767,0.1615,0.1685,48304703,89593496.4
1639785600,0.1685,0.1757,0.1659,0.1723,24996637,88913568.95
1639872000,0.1725,0.1747,0.1692,0.1696,17886768,85902065.7
1639958400,0.1694,0.1709,0.1612,0.1671,32668524,82687336.6
1640044800,0.1673,0.1723,0.1658,0.1706,20428223,81501259.05
1640131200,0.1707,0.18,0.1697,0.1729,51420334,79815463.4
1640217600,0.173,0.185,0.1712,0.185,42509791,75533977.45
1640304000,0.185,0.1955,0.1792,0.1861,65403469,63534091.05
1640390400,0.1864,0.1958,0.1849,0.1907,31839831,61409612.95
1640476800,0.1909,0.1924,0.1852,0.1899,19124522,57118410.3
1640563200,0.1899,0.1927,0.1867,0.1879,23835765,56349462.55
1640649600,0.188,0.188,0.1718,0.1739,36738187,56346646.5
1640736000,0.1738,0.1773,0.1657,0.1677,31047185,55625278.35
1640822400,0.1678,0.1756,0.165,0.171,24102585,54864220.95
1640908800,0.1707,0.1759,0.166,0.1699,35158369,54902162.45
1640995200,0.1702,0.1736,0.1696,0.1729,23694037,54319790.15
1641081600,0.1731,0.1763,0.1706,0.1742,12903974,52003344.05
1641168000,0.1739,0.174,0.1674,0.1698,14801806,35600015.6
1641254400,0.1701,0.1724,0.1666,0.1682,20249983,31186213.15
1641340800,0.1682,0.1708,0.1469,0.159,57253087,31718389
1641427200,0.1589,0.1621,0.1539,0.1599,23792443,30492776
1641513600,0.1598,0.1601,0.1491,0.1549,56923724,32089130.35
1641600000,0.1552,0.1579,0.1453,0.1508,31137144,32751649.15
1641686400,0.1508,0.1538,0.1487,0.1504,18388617,32037653.8
1641772800,0.1506,0.1521,0.1371,0.1433,53524319,33692458.6
1641859200,0.1433,0.167,0.1417,0.1538,97778887,36010386.25
1641945600,0.1538,0.1638,0.1513,0.163,60958176,36932805.5
1642032000,0.1629,0.1773,0.1614,0.1718,177871557,42556209.9
1642118400,0.1718,0.22,0.1704,0.1833,373332021,59630819.4
1642204800,0.1834,0.1948,0.1817,0.1845,136026139,65475900.25
1642291200,0.1846,0.1848,0.1735,0.1766,69323319,67750277.95
1642377600,0.1765,0.1784,0.1656,0.1709,49376066,68382171.9
1642464000,0.171,0.1744,0.1617,0.1652,48257710,69242698.15
1642550400,0.1653,0.1695,0.1579,0.1617,46723139,70373725.85
1642636800,0.1618,0.1693,0.1538,0.1555,36870251,70459319.95
1642723200,0.1551,0.1575,0.1398,0.1423,74431452,72996190.7
1642809600,0.142,0.1453,0.1201,0.1333,104725613,77587272.65
1642896000,0.1333,0.1446,0.132,0.1418,84170041,81055684.4
1642982400,0.142,0.142,0.1258,0.1373,80073300,84046850.25
1643068800,0.1373,0.1507,0.1326,0.1429,74053885,84886890.15
1643155200,0.1429,0.1472,0.1414,0.1467,14418278,84418181.9
