1597708800,2.12640941,5.92746649,1.4184213,3.10261768,3072134.447,NaN
1597795200,3.11018442,3.27792455,2.57343742,2.96298157,8258318.753,NaN
1597881600,2.94254528,3.12401893,2.65015576,2.89919909,4122181.324,NaN
1597968000,2.9026067,3.09017259,2.62537196,2.8346945,3898098.706,NaN
1598054400,2.83498707,4.55872551,2.767621,4.47384875,15333686.71,NaN
1598140800,4.47457789,4.52191859,3.68403628,3.98300659,8621702.726,NaN
1598227200,3.98386636,4.83152477,3.75933896,4.58134563,8720505.29,NaN
1598313600,4.5794606,6.00724267,4.24749884,5.54664625,13344408,NaN
1598400000,5.54661075,6.63346782,5.08069902,6.08236065,13666884.23,NaN
1598486400,6.08638736,6.92410003,5.18811804,5.65685729,14324862.5,NaN
1598572800,5.65515851,6.36803036,5.44716828,6.18757845,7577482.8,NaN
1598659200,6.18327362,6.70552278,5.96304833,6.13969879,5476466.408,NaN
1598745600,6.14153137,6.3381303,5.63787802,5.89519316,4986957.625,NaN
1598832000,5.89335491,6.50806245,5.70774439,6.28163517,4887844.499,NaN
1598918400,6.28126905,7.00190645,5.91401277,6.23726531,6546541.225,NaN
1599004800,6.24479717,6.66825888,5.50528416,6.13553491,4909827.662,NaN
1599091200,6.14760307,6.76014295,5.13279077,5.68392361,8350673.339,NaN
1599177600,5.69982447,6.22505431,4.46587538,5.1179148,9458750.984,NaN
1599264000,5.11701418,5.32176168,3.545757,4.14859606,9524558.335,NaN
1599350400,4.14761031,4.95741261,3.73125515,4.78621963,9224903.305,8215339.444
1599436800,4.78767686,4.89913564,3.99725582,4.59440172,4682186.627,8295842.053
1599523200,4.60031224,4.64927734,4.0549699,4.27139883,3347825.477,8050317.389
1599609600,4.27518371,4.87465925,4.06292035,4.70142058,3409841.561,8014700.401
1599696000,4.7032838,4.93708682,4.40232045,4.57646815,3248129.656,7982201.948
1599782400,4.58649861,4.7896373,4.30532074,4.65624398,2861498.287,7358592.527
1599868800,4.65664645,5.31113675,4.47330858,5.13625155,3425903.643,7098802.573
1599955200,5.14283602,5.50019445,4.75698116,5.32786029,3822783.61,6853916.489
1600041600,5.31550758,5.63701515,5.07487668,5.35559563,3514002.537,6362396.215
1600128000,5.36427428,5.56192905,4.95336027,5.05210421,2813004.6,5819702.234
1600214400,5.05084014,5.37559076,4.83860373,5.07387354,2609519.756,5233935.097
1600300800,5.07307693,5.501655,4.95959953,5.336518,3359025.85,5023012.249
1600387200,5.33692487,5.48936202,5.08054424,5.26729965,2139976.232,4856187.741
1600473600,5.25899877,5.38488606,4.72759884,4.9241784,2064058.878,4710042.803
1600560000,4.92329188,5.02133064,4.36710663,4.65566919,3549217.151,4643111.436
1600646400,4.6536203,4.70904752,3.87667059,4.06419953,4078758.205,4519722.285
1600732800,4.07261255,4.23659638,3.8974518,4.16685462,2214040.905,4384932.947
1600819200,4.16729536,4.32755561,3.84822579,4.00753198,2276835.677,4081241.064
1600905600,4.00990157,4.49323695,3.95846224,4.38749888,1955655.06,3706086.268
1600992000,4.38360808,4.54335249,4.222209,4.41957795,1755424.872,3317629.595
1601078400,4.41994845,4.5139535,4.20570886,4.32729894,1013993.401,2907084.099
1601164800,4.33227526,4.38357896,4.11701414,4.3015976,1027401.669,2724344.851
1601251200,4.29944765,4.62177143,4.16047282,4.43720002,2011283.706,2657517.763
1601337600,4.4507687,4.68193328,4.335815,4.49760927,1167608.852,2545406.127
1601424000,4.49808051,4.50012393,4.22916501,4.35069969,915849.7413,2428792.132
1601510400,4.34494751,4.60540676,4.20290554,4.34717551,1848760.121,2378155.223
1601596800,4.34544703,4.36697454,3.89116875,4.12947991,1858597.699,2299789.926
1601683200,4.11822852,4.15424711,4.02318786,4.06763403,798794.523,2148590.472
1601769600,4.06649415,4.21024483,4.01187781,4.17406723,492543.5073,1997517.52
1601856000,4.17881744,4.6446149,4.09136236,4.15759544,1043972.497,1909065.915
1601942400,4.16511161,4.18598765,3.60739397,3.75227021,2088904.189,1883035.137
1602028800,3.74931199,3.89903129,3.59772817,3.85530969,2479056.907,1839036.69
1602115200,3.85520751,4.18781538,3.63371826,4.11079815,1333550.785,1798715.417
1602201600,4.11335053,4.37126693,4.00885195,4.25434129,1008546.89,1745939.818
1602288000,4.26569254,4.51531607,4.15268172,4.26473536,917287.5299,1614343.337
1602374400,4.25920478,4.35902017,4.15617853,4.25321439,533305.0572,1437070.679
1602460800,4.24417009,4.54357733,4.13514301,4.31216095,1267755.187,1389756.394
1602547200,4.30739102,4.36509618,4.12962826,4.25242232,868628.581,1319346.039
1602633600,4.25645236,4.43719776,4.08049954,4.18487847,1601928.781,1301659.725
1602720000,4.18940604,4.26683266,3.99593414,4.10013772,898613.7762,1258819.17
1602806400,4.09978111,4.16289515,3.7935401,3.91431758,953489.4508,1255793.972
1602892800,3.9183785,3.99003285,3.85801476,3.97334271,307227.1949,1219785.249
1602979200,3.97248952,4.15502342,3.95684662,4.11099422,514350.4337,1144938.585
1603065600,4.11381901,4.23566648,3.8444328,3.98786902,889369.0143,1131026.593
1603152000,3.98733266,4.23300384,3.78652768,3.90799228,1501077.517,1160287.982
1603238400,3.9083438,4.40711449,3.80767664,4.14195836,1409557.41,1138327.846
1603324800,4.14009872,4.42363229,4.0849958,4.27392764,1268134.987,1108804.711
1603411200,4.27621592,4.5104733,4.16884619,4.26636004,1422111.779,1139970.574
1603497600,4.26669548,4.49511989,4.23255462,4.35593967,842115.7645,1157449.187
1603584000,4.35417873,4.54543214,4.24217375,4.33702492,716058.5302,1141053.488
1603670400,4.33440324,4.79618235,4.22675323,4.70912225,2036339.46,1138425.252
1603756800,4.70884138,5.20705176,4.43351262,4.6798926,2450175.35,1136981.174
1603843200,4.68441006,4.80848102,4.18033251,4.36317166,1248919.661,1132749.618
1603929600,4.36289483,4.53712779,3.84867655,4.05985706,1718964.35,1168270.491
1604016000,4.05915224,4.26660857,3.86845646,4.08946264,848196.2613,1164815.927
1604102400,4.08730148,4.34354448,4.02281641,4.19350057,385743.4489,1157437.847
1604188800,4.18826206,4.2895583,4.0637156,4.22738583,437436.1164,1115921.893
1604275200,4.22548018,4.28964975,3.86348139,4.03161655,658554.6224,1105418.195
1604361600,4.03210899,4.21568171,3.78089181,4.0375959,533970.7658,1052020.295
1604448000,4.03724268,4.21367801,3.82241885,4.10322541,1819072.359,1098043.224
1604534400,4.10289324,4.58930167,3.80254741,4.23443438,1702896.58,1135513.58
1604620800,4.23124909,4.75547648,4.11037241,4.59312061,1340890.304,1187196.736
1604707200,4.59544209,4.90494494,3.9813366,4.23622773,1953660.942,1259162.261
1604793600,4.23449545,4.53920985,4.09827132,4.37040839,604216.9404,1244904.657
1604880000,4.37581394,4.59509567,4.1353903,4.34754779,734106.702,1206556.117
1604966400,4.35083128,4.52126769,4.26164942,4.42107182,896207.6747,1180888.63
1605052800,4.42656965,4.79521675,4.3131533,4.45252118,1339216.063,1184442.684
1605139200,4.45036896,4.64127152,4.13147337,4.40897662,964390.1617,1161556.603
1605225600,4.40615112,4.65094422,4.27128118,4.54654538,1221473.542,1180524.492
1605312000,4.54944127,4.6336289,4.32817087,4.4674171,599571.0165,1174700.116
1605398400,4.46604337,4.53030362,4.30580097,4.37123929,623030.9312,1104034.69
1605484800,4.36628617,4.68637491,4.1855845,4.50485677,1597414.505,1061396.647
1605571200,4.5045458,5.2546224,4.43727912,4.85611644,2537580.043,1125829.666
1605657600,4.85661365,5.14709912,4.38178039,4.68389537,1732331.462,1126498.022
1605744000,4.68279363,4.92369889,4.48914407,4.7639818,1078556.446,1138016.031
1605830400,4.76612512,5.63891595,4.71778038,5.2392572,3797774.945,1308617.606
1605916800,5.2336245,5.88302897,5.0424529,5.79189761,2404421.832,1406966.892
1606003200,5.7915943,5.85505038,5.14315899,5.52570498,2063220.036,1477200.163
1606089600,5.52599571,6.06772186,5.36633463,5.90727676,2399677.558,1570485.502
1606176000,5.91196662,6.45362324,5.29346619,5.73774202,4236276.17,1691345.693
1606262400,5.73294077,5.92424183,5.11021666,5.29711297,1864207.158,1699411.222
1606348800,5.29546229,5.78835223,4.28534169,4.8140094,2513808.394,1758057.126
1606435200,4.81745181,5.1535969,4.47738167,4.81533923,1645642.522,1742656.205
1606521600,4.81588213,5.05329444,4.57470262,4.89642637,968507.47,1760870.732
1606608000,4.8914829,5.24930481,4.77395616,5.19988348,811591.7702,1764744.985
1606694400,5.19716636,5.83851439,4.76608696,5.3814928,1718892.524,1805879.227
1606780800,5.38023199,5.65182384,4.780182,5.08069633,1410396.708,1809438.26
1606867200,5.08474921,5.64449358,4.95531059,5.46878408,1317064.195,1827071.961
1606953600,5.45918796,5.6622617,5.19350618,5.40298147,1232539.062,1827625.237
1607040000,5.40760205,5.45340794,4.93094224,5.0093713,932985.7366,1844295.973
1607126400,4.99684459,5.21633707,4.83789287,5.18907639,701987.3888,1848243.796
1607212800,5.18972164,5.27072416,4.965268,5.13358737,442664.0573,1790506.274
1607299200,5.13707478,5.21772458,4.96462621,5.05745477,771959.3455,1702225.239
1607385600,5.06024523,5.09569319,4.56579021,4.73408324,1035152.729,1667366.302
1607472000,4.73840247,5.02859162,4.5485459,4.87329879,876421.1194,1657259.536
1607558400,4.87362429,4.95549797,4.6562165,4.79845727,448844.4079,1489813.009
1607644800,4.7998226,4.82497608,4.47592839,4.61430208,692613.3285,1404222.584
1607731200,4.60847684,4.96297006,4.5315156,4.74357288,477833.1872,1324953.242
1607817600,4.73780559,5.02750334,4.69932068,4.89411561,551767.6762,1232557.747
1607904000,4.89484097,5.01948816,4.79832544,4.90185106,478502.2414,1044669.051
1607990400,4.89798558,5.32767576,4.82004025,5.24046002,1204444.932,1011680.94
1608076800,5.24198199,5.82331819,4.76707149,5.37498877,1636407.697,967810.9049
1608163200,5.37204205,6.05958924,4.79044592,5.34175822,2431730.337,1007115.296
1608249600,5.34610812,5.57391672,5.1443769,5.36132947,1083407.955,1012860.32
1608336000,5.36674121,5.86805685,5.08331373,5.34419817,1285401.96,1036550.829
1608422400,5.34401168,5.60424871,4.96161204,5.18674479,1324925.774,1016852.492
1608508800,5.19218217,5.47800358,4.67887549,4.8737532,1517488.538,1022207.083
1608595200,4.87497923,5.31399249,4.7622596,5.15413332,1957274.1,1054217.579
1608681600,5.15984952,5.24181382,4.5210629,4.71762729,1783176.972,1081749.474
1608768000,4.71533475,5.29167518,4.58733148,5.11137163,1645959.037,1117398.139
1608854400,5.11107352,5.44618613,4.87726605,5.20571856,1093253.72,1136961.456
1608940800,5.21280096,5.76572697,4.72926918,5.18701697,1204575.441,1175057.025
1609027200,5.18906755,5.76135942,4.61849465,5.13917286,2339978.456,1253457.98
1609113600,5.13683696,6.78706402,5.00193439,6.58942489,7056266.611,1554513.675
1609200000,6.58365073,7.82814013,6.09322409,7.54053487,9160179.832,1968701.61
1609286400,7.54071739,8.05610833,6.72645688,7.23503441,8138968.805,2353207.83
1609372800,7.23888058,9.6363134,6.84314094,9.27954089,11230096.08,2880081.968
1609459200,9.28169642,9.65027937,7.99003939,8.30134716,10493865.87,3380883.602
1609545600,8.29574077,10.12892915,7.8558498,9.22726222,10836098.26,3895100.131
1609632000,9.21701746,11.07863666,8.38681225,10.15725984,10531156.98,4397732.868
1609718400,10.16758463,10.68343304,7.73976272,9.51878773,8773327.636,4776177.003
1609804800,9.52481309,10.60004967,8.50728493,9.74075982,4342880.607,4911500.649
1609891200,9.74741903,11.10486708,9.09098321,10.10216019,7417273.567,5160777.81
1609977600,10.09078686,11.99842273,8.74142885,9.65292352,5415601.008,5377387.463
1610064000,9.65955488,10.31788649,8.10814677,9.32099035,4789707.026,5552602.716
1610150400,9.31829357,10.14336767,8.75781048,9.77859934,3724182.694,5672565.562
1610236800,9.78065523,10.289329,8.07490305,9.29520951,2990338.193,5746208.045
1610323200,9.29793078,9.56767063,6.37816761,8.27819452,6515023.281,5974095.504
1610409600,8.28271706,9.157605,7.44991463,8.29959708,3624094.006,6066141.355
1610496000,8.31204689,11.81562423,7.85581749,10.94157212,7389241.847,6353305.496
1610582400,10.95097255,15.04389656,10.35325404,14.47738733,12877810.43,6942533.331
1610668800,14.45632237,15.08342756,11.66487523,13.16877213,11535056.32,7459057.375
1610755200,13.1885711,20.06085733,12.62502608,17.99926089,17343684.37,8209242.671
1610841600,17.97327824,19.41724168,15.73512917,17.06948558,10316426.07,8372250.644
1610928000,17.07673609,18.99211773,14.99724131,16.58129171,7315334.085,8280008.357
1611014400,16.5859254,17.95544152,15.40671025,16.40953674,6669490.666,8206534.45
1611100800,16.38207842,18.94011845,14.41323639,17.98982807,7266751.315,8008367.212
1611187200,17.97633461,18.96120435,14.24819822,15.97966828,8447405.44,7906044.19
1611273600,15.9857385,18.77196452,14.43837625,17.14309815,7249555.607,7726717.057
1611360000,17.14726237,19.57298908,16.27574242,18.77040836,5760140.817,7488166.249
1611446400,18.76690849,19.35260145,16.58919732,17.99771733,4033772.914,7251188.513
1611532800,18.00634216,20.26700243,16.51379226,17.21683991,5079261.177,7288007.542
1611619200,17.2190889,17.99529433,15.82971025,17.11556716,2977112.078,7065999.467
1611705600,17.12251872,17.17151546,14.52762432,15.46810611,3022885.598,6946363.697
1611792000,15.46696484,18.89572041,15.02382289,16.91106305,3755459.281,6894651.309
1611878400,16.91483517,19.55560937,12.98674941,16.80030272,5972878.479,7007086.099
1611964800,16.79872537,17.6686257,15.60708213,16.56392687,2509911.623,6983064.77
1612051200,16.56086447,17.74604996,15.38440747,16.14485056,2834536.313,6799040.422
1612137600,16.13194134,17.12236097,14.9261932,16.44467945,2813768.522,6758524.148
1612224000,16.43993866,18.11400477,15.82446948,17.19178655,4340821.72,6606103.141
1612310400,17.18853716,21.07694438,16.55720366,20.87435892,8117603.947,6368092.817
1612396800,20.90370416,22.20462972,18.81647614,19.70032486,5951857.696,6088932.886
1612483200,19.69851661,21.7041109,19.21883644,20.84865381,3935598.693,5418528.602
1612569600,20.85019668,22.75331262,18.64267217,20.41333553,4479877.195,5126701.158
1612656000,20.41325683,21.0189753,18.46560566,19.76622259,3812800.362,4951574.472
1612742400,19.78996462,27.1134514,18.10024874,23.03314771,8763336.786,5056266.778
1612828800,23.00378446,25.22097256,21.60528142,23.11605425,6075999.832,4996729.204
1612915200,23.13245327,25.21670391,21.2521375,23.59801958,6344496.321,4891583.748
1613001600,23.59884298,27.98353711,22.33328873,25.00427947,7383354.348,4898273.685
1613088000,25.02580802,30.69451006,23.59822148,28.72661984,7905353.498,5005534.319
1613174400,28.71237445,30.65479232,27.14996069,28.01588029,4908684.254,5049279.886
1613260800,28.02150898,30.74768124,25.5974485,26.8824656,3774209.706,4984027.313
1613347200,26.90252429,30.05697228,23.04038279,27.82241913,7362001.257,5203271.772
1613433600,27.82666216,31.93645122,26.49594018,30.11519434,8522220.671,5478238.525
1613520000,30.10091268,33.88776083,28.63170034,32.01071784,6152530.809,5598092.102
1613606400,31.99886583,32.77840661,29.92332463,31.11658947,2234615.824,5411178.969
1613692800,31.11747039,36.6482675,29.35046386,34.89058461,4861480.589,5528757.417
1613779200,34.89199815,42.70115633,33.60854635,38.99813626,8838288.838,5828945.043
1613865600,39.00282591,42.3598008,36.81162783,39.68618029,4917389.654,5934126.1
1613952000,39.63566085,40.15010865,29.111817,37.69248813,5182345.499,5976202.289
1614038400,37.7168693,38.96909802,25.87438802,34.54322602,6165700.039,5878607.094
1614124800,34.55039326,37.23114006,31.02292215,33.67949586,3644038.212,5763216.119
1614211200,33.66717446,36.35408931,30.62996039,31.22482926,2294004.332,5681136.401
1614297600,31.18421527,33.63463133,27.54387707,31.47525928,4607276.729,5687506.378
1614384000,31.47763979,36.55039582,30.5347158,33.47476892,6202702.16,5807001.468
1614470400,33.4949922,35.46081251,29.32467869,33.86655068,3129414.205,5525305.339
1614556800,33.86551757,37.49769999,31.66525292,35.66692206,2933428.235,5368176.759
1614643200,35.66183979,38.61431643,33.81635853,36.18638708,2766666.431,5189285.264
1614729600,36.19916283,40.84040924,34.79905593,37.08654761,2197963.244,4930015.709
1614816000,37.08002164,39.3756,34.16396442,35.22498004,2273671.656,4648431.617
1614902400,35.21242452,36.43632612,30.89977049,33.57065539,3408863.905,4573440.6
1614988800,33.62719585,34.40580234,31.86245735,33.40169291,1373230.306,4453391.63
1615075200,33.39675211,35.66575824,32.8429747,35.12029073,1324499.462,4151516.54
1615161600,35.09800502,36.40943017,32.43835748,34.99151977,1343804.126,3792595.713
1615248000,35.00996804,39.18249264,34.06672342,38.21437017,2782737.396,3624106.042
1615334400,38.21514031,40.90079075,35.15236051,37.53580491,3009158.798,3662833.191
1615420800,37.58601533,39.26829478,34.37932993,36.90731246,1765572.396,3508037.781
1615507200,36.93693648,38.2033454,33.15201883,35.98592265,1461186.573,3139182.668
1615593600,35.98832417,39.46483383,33.85453972,37.13641756,1500107.514,2968318.561
1615680000,37.14629448,38.31555009,35.4765365,36.44090553,1184295.986,2768416.085
1615766400,36.4288763,38.84917111,33.20380211,34.31297646,2219477.652,2571104.966
1615852800,34.3165118,36.10921606,31.887575,35.39368702,1804670.57,2479136.584
1615939200,35.39953387,38.58905498,32.9642414,36.13047265,2139517.298,2471412.232
1616025600,36.12468329,37.68962761,34.78317791,35.33982134,1018299.886,2291963.39
1616112000,35.34211601,39.46432041,34.28210018,38.2086975,1879464.911,2075801.527
1616198400,38.18083685,40.91938375,36.83031333,37.23586944,1753334.457,2006997.54
1616284800,37.24550189,38.73062768,35.1914138,36.71658374,1390332.351,1929842.746
1616371200,36.7255619,38.62421631,33.99105126,35.21839942,1258652.597,1854442.054
1616457600,35.29261998,37.10605515,33.20156216,34.240445,1436120.584,1816349.921
1616544000,34.22731597,37.09285727,27.314916,30.23385828,3041556.554,1854744.166
1616630400,30.22609682,31.34084853,27.64117381,29.82444758,3472620.864,1857932.014
1616716800,29.81802643,33.74829064,29.42595538,33.16666711,1354344.655,1856987.731
1616803200,33.21375117,34.21769084,31.0902264,32.61148905,852221.5721,1833373.837
1616889600,32.61755424,33.34951655,31.21941898,32.26415264,750310.3669,1803699.149
1616976000,32.25276411,35.24810067,31.57141632,34.33484138,1097472.201,1719435.889
1617062400,34.33832978,35.49370358,32.66482618,33.98619705,933570.7606,1615656.487
1617148800,34.00986209,38.77096075,32.54323714,37.12199807,3734671.588,1714111.447
1617235200,37.10731942,39.33256177,35.28534438,37.45374955,1955681.753,1738836.206
1617321600,37.48746391,42.10960627,36.57794937,41.07509155,2332354.851,1780448.573
1617408000,41.04619198,47.20956393,39.3444221,41.39938288,4599443.279,1951205.937
1617494400,41.39437579,46.14080492,40.52035275,44.29737063,1606769.655,1920570.538
1617580800,44.33100781,46.1794307,41.77498513,45.7897702,1542723.89,1907473.204
1617667200,45.79391765,46.46641677,41.54821596,43.33419001,2209516.882,1910973.183
1617753600,43.39229148,44.42347945,37.46609733,39.50488979,2662582.333,1993187.305
1617840000,39.50335381,42.26349549,38.79311667,41.34525056,1366319.685,1967530.044
1617926400,41.33677784,42.51272334,39.88214635,40.7869074,962406.3093,1927983.636
1618012800,40.77047356,43.33152928,39.27862511,41.58777615,1177130.812,1917323.56
1618099200,41.59722343,42.30899326,39.78864236,41.29897781,1326203.485,1920701.104
1618185600,41.30606955,42.22471805,39.1957698,40.43240404,1569250.002,1927357.575
1618272000,40.4518101,43.62986843,38.44500376,42.93718747,2592516.736,1904905.584
1618358400,42.96492957,45.36408995,39.28854393,42.51364592,2513942.219,1856971.652
1618444800,42.50803086,45.9670158,41.30072304,43.48823791,2361293.002,1907319.069
1618531200,43.47858248,44.62983946,39.84053012,41.47425519,2288729.446,1979144.463
1618617600,41.46670662,49.19485969,40.25881449,42.11483631,4847210.142,2183989.452
1618704000,42.09332803,42.9962647,31.81513344,37.42810889,5516215.861,2404926.635
1618790400,37.43008025,39.02480264,33.76504392,34.75061042,2250437.88,2470769.99
1618876800,34.77623279,36.14815771,31.40221894,35.45775479,3209330.34,2444502.928
1618963200,35.45107095,37.10452141,32.61288453,33.78676735,2709820.579,2482209.869
1619049600,33.79748773,37.12901836,31.1273864,32.93758464,3633592.226,2547271.738
1619136000,32.93292389,33.55935087,25.8241812,32.30907126,4042675.199,2519433.334
1619222400,32.29551959,32.97290233,28.02821877,28.99608802,2301242.283,2554156.966
1619308800,29.00022293,31.45780472,27.17719743,29.8492334,1661156.188,2560078.58
1619395200,29.86129196,34.2914209,29.38787012,33.4289879,2145833.064,2556894.39
1619481600,33.42732502,35.28599538,32.53217992,34.86065572,1613529.191,2504441.732
1619568000,34.83783485,36.09565468,32.44453545,33.99127193,1813981.003,2526824.798
1619654400,33.98835085,37.1179205,32.04590897,36.00072698,1786941.835,2568051.575
1619740800,35.99930787,39.83970318,33.2998228,36.56891559,2555574.937,2636973.781
1619827200,36.57735504,37.99541457,35.66734254,36.94126208,1376868.812,2639507.047
1619913600,36.95010674,37.93026715,35.31422091,36.65612433,1207431.324,2621416.113
1620000000,36.64484048,38.87373782,35.87577367,37.27802948,1698748.896,2576727.721
1620086400,37.27792993,38.85695229,33.69694795,34.8111288,2587251.074,2580393.164
1620172800,34.80240893,41.30407429,34.46423905,40.48320857,3396734.501,2632165.239
1620259200,40.48358371,44.9885898,37.207764,41.58427656,3902479.921,2712852.763
1620345600,41.5995224,44.19029538,37.26451359,39.91802153,2676048.707,2604294.691
1620432000,39.91952405,41.79732006,37.37052036,39.99340314,1656052.176,2411286.507
1620518400,39.97313757,41.83205213,37.08892034,40.35819824,2205981.307,2409063.678
1620604800,40.36992745,42.18592986,32.12258194,36.50322948,3338289.586,2415511.641
1620691200,36.50277686,38.88027483,35.25868177,38.69095855,1894222.66,2374731.745
1620777600,38.703727,43.50015096,32.76600635,35.01355153,3373696.531,2361736.96
1620864000,35.08434472,42.88986895,31.6058065,39.98410233,6449075.456,2482056.973
1620950400,40.00810824,49.68982206,39.18998323,48.01666419,4622344.245,2598112.071
1621036800,48.00258739,50.74659,42.25516706,43.61764986,5811200.07,2805614.265
1621123200,43.62471635,47.45788273,37.86066294,42.45424739,3075293.348,2852087.279
1621209600,42.4481802,42.66917459,35.01926289,38.74359697,3563639.887,2949592.814
1621296000,38.73952747,45.22394584,37.02517558,40.61587006,3284456.784,3023116.603
1621382400,40.65663246,44.41331625,15.769278,25.08023014,12669073.93,3567223.208
1621468800,25.0938034,31.56416938,21.19538452,29.00107831,6403980.345,3759643.478
1621555200,29.01094569,31.5031594,19.62337045,24.43707718,6404121.196,4011006.097
1621641600,24.42631161,25.46305786,20.14577386,22.06770208,4898102.233,4195539.643
1621728000,22.06273985,23.57754213,13.59084203,17.92976905,9437002.371,4582452.317
1621814400,17.9461247,24.00534292,16.94607122,23.2965661,7335842.994,4819881.913
1621900800,23.29603086,24.44218223,19.55137604,22.18584704,5286465.945,4914368.485
1621987200,22.17651588,25.7200302,21.50887597,24.56171082,4887584.467,4963623.712
1622073600,24.56032809,25.79128079,21.75609271,23.99461319,3931315.312,5026387.042
1622160000,24.00990036,26.66801673,19.76122028,21.36115922,6143908.667,5250779.867
1622246400,21.36095138,22.842577,18.68197848,19.88362798,2652552.178,5273108.411
1622332800,19.89407142,21.49871768,18.39621613,20.49234546,2261536.468,5219270.755
1622419200,20.467468,23.5730719,19.05764855,23.30325125,3441211.718,5296620.208
1622505600,23.29133501,23.8409215,21.42168903,22.82922952,2248621.203,5240366.441
1622592000,22.84327006,27.04778771,22.24967168,25.91284596,3267934.981,5081309.417
1622678400,25.91137554,29.21866505,25.4173361,26.98232719,2873347.048,4993859.558
1622764800,27.00868207,27.09281832,23.28156191,25.04526727,3133910.766,4859995.092
1622851200,25.02157462,26.4317062,22.85357759,23.79199807,1794608.663,4795960.858
1622937600,23.79182065,24.70861879,23.37990582,24.18326806,876155.484,4661586.638
1623024000,24.18578611,25.51369535,21.2547626,21.70529742,1905542.053,4592640.901
1623110400,21.68648625,22.6902339,19.5610282,21.68215786,2308677.495,4074621.079
1623196800,21.67287726,24.51125443,19.80432765,23.21824595,2979065.177,3903375.321
1623283200,23.22999403,25.42521297,22.02474735,22.6853765,2842642.301,3725301.376
1623369600,22.70151678,23.68564014,19.87415527,20.93611527,2752615.566,3618027.043
1623456000,20.93686481,22.13286881,19.23684314,20.74325053,1614587.626,3226906.306
1623542400,20.74825842,23.20212318,19.29079577,22.04062026,1050748.301,2912651.571
1623628800,22.05558315,26.44968473,21.0455975,25.87577259,4300261.811,2863341.364
1623715200,25.87274047,26.51260658,23.22517513,23.9630212,2547509.399,2746337.611
1623801600,23.95661108,24.74457012,22.27825215,23.01249642,1663418.121,2632942.751
1623888000,23.02790601,24.33008573,21.80984306,22.51975353,1353389.456,2393416.791
1623974400,22.53809727,23.03871562,20.0472856,21.43588861,1101514.535,2315864.909
1624060800,21.44140087,21.98404659,19.83496199,20.21787108,884913.545,2247033.762
1624147200,20.22961777,21.16565614,18.73621338,20.62680272,1042595.909,2127102.972
1624233600,20.61777641,20.80884195,15.32807198,15.72104782,2521761.252,2140759.974
1624320000,15.71305724,17.02991495,12.75947746,14.69298872,3951027.375,2174914.594
1624406400,14.67766786,16.98549872,14.0261385,15.80020303,2383478.66,2150421.175
1624492800,15.80945131,16.9404924,14.67580431,16.22330355,1416932.621,2064572.267
1624579200,16.23434482,16.91584766,14.04248285,14.42573618,1470533.559,2048368.512
1624665600,14.4284162,15.11560832,13.31240967,14.50652263,1271511.232,2068136.3
1624752000,14.50303524,15.97968852,13.5538201,15.00939833,1299634.216,2037840.908
1624838400,15.00842156,16.34733079,14.4650673,15.78566153,1748796.022,2009846.834
1624924800,15.79060906,17.31464062,15.29370985,16.2959359,1619023.818,1941844.766
1625011200,16.29786157,16.90434057,14.98794853,16.41045146,1576605.856,1878542.944
1625097600,16.40554802,17.01696099,14.71049192,15.1866558,1140497.72,1797937.052
1625184000,15.18105741,15.54409395,14.56618688,15.2919136,836122.3941,1759013.79
1625270400,15.29198698,15.9785139,14.79165448,15.52834579,866871.9989,1749819.975
1625356800,15.53067461,16.66954851,15.14866993,15.9868129,1124735.381,1591043.653
1625443200,15.98752305,16.1095682,14.61918566,15.22239684,946599.3698,1510998.152
1625529600,15.23493264,16.59861442,14.96287577,16.14365044,1570282.148,1506341.353
1625616000,16.13459935,17.8840614,15.92720782,16.87530488,2854816.1,1581412.686
1625702400,16.86419512,16.93398841,14.77215464,15.32325285,1814187.634,1617046.341
1625788800,15.31628145,16.09179021,14.79937932,15.69197022,1055605.793,1625580.953
1625875200,15.6854377,16.04197067,14.91773315,15.28853467,821567.8246,1614529.549
1625961600,15.28894613,16.01535473,15.05273937,15.48359739,730911.6119,1524987.067
1626048000,15.49397935,15.79424991,14.39753902,14.86001975,911084.875,1372989.942
1626134400,14.84834337,15.16457205,13.93224624,14.19505276,812445.8971,1294438.304
1626220800,14.19834416,14.36315778,13.05412451,13.80239123,1459439.885,1296563.667
1626307200,13.79697517,14.1486141,12.59650973,13.07943816,1232033.793,1284638.678
1626393600,13.0944065,13.42901567,11.8604638,12.02750475,1650667.801,1303596.507
1626480000,12.02889292,12.77796507,11.6739786,12.2876921,1740279.151,1325628.754
1626566400,12.29523968,13.20361537,12.12392439,12.6500917,1431095.693,1309743.737
1626652800,12.65078725,12.76535749,11.26446144,11.45587178,1589598.59,1308272.476
1626739200,11.45553764,11.60194415,10.35409951,10.96197284,1911697.617,1325027.064
1626825600,10.96047329,13.04461488,10.6597788,12.33741317,2062004.617,1371102.409
1626912000,12.33786236,13.43606506,11.74058963,13.15755062,2205379.474,1439565.263
1626998400,13.15396909,14.01507044,12.31985319,13.4083501,1765321.684,1484487.747
1627084800,13.4086011,14.10248562,13.08376304,13.77397767,1557562.1,1506129.083
1627171200,13.77324022,14.27881087,13.08242517,13.75927625,1217484.171,1519673.323
1627257600,13.75146919,15.965579,12.70694688,13.93514055,2659803.554,1574149.393
1627344000,13.92873581,14.98921879,13.18064177,14.37445964,1699791.435,1516398.16
1627430400,14.36855532,15.13166958,13.6889054,14.54560375,1397356.064,1495556.582
1627516800,14.54443021,15.58169321,14.14709591,15.26541095,1684329.64,1526992.774
1627603200,15.25773822,16.51601858,14.27323666,15.80866313,1769259.605,1574377.363
1627689600,15.80375375,17.26749561,15.25875985,16.78426839,1910151.473,1633339.356
1627776000,16.79174769,20.50781928,15.83530931,18.41567528,4163162.558,1795943.24
1627862400,18.41525268,19.01386654,17.1221056,17.99114286,1717082.345,1841175.062
1627948800,17.98974033,18.68056461,16.62833885,17.41059404,1303802.086,1833393.172
1628035200,17.41205171,19.82780789,16.86863097,19.14657618,1867454.442,1865164.205
1628121600,19.15249383,20.48730635,17.34620883,19.14506593,1659166.23,1865589.126
1628208000,19.14165547,21.47391391,18.34666958,20.42297852,1837767.354,1870463.537
1628294400,20.43742527,21.95921605,19.69323991,21.00505718,1432957.564,1870556.63
1628380800,20.98507366,21.59162226,19.16967578,19.66735866,1087562.817,1845454.841
1628467200,19.67397008,21.55025111,18.69798258,20.57920476,1125886.888,1806164.305
1628553600,20.58228283,21.83591238,19.78725797,20.6172675,1260543.784,1766091.263
1628640000,20.61811008,22.56700356,20.48604095,21.36198139,1897398.285,1750692.204
1628726400,21.36273536,22.358538,19.91226752,20.78141638,1455983.944,1735225.317
1628812800,20.76398909,22.96680771,20.48382186,22.73950862,952203.8155,1704957.403
1628899200,22.73330032,23.59758807,21.56590065,22.88049509,1324347.454,1710300.567
1628985600,22.85324439,23.45064973,21.74322148,23.17164037,1223103.618,1638465.57
1629072000,23.17324651,26.62919972,22.09044589,24.42919461,3424363.367,1724694.167
1629158400,24.42136376,27.81102344,22.84869309,23.52586324,3895459.618,1849599.344
1629244800,23.52434755,25.39169992,22.50563558,23.88527801,2395890.817,1885177.403
1629331200,23.88894523,27.04422658,23.19457714,26.56244804,2014981.092,1897463.478
1629417600,26.58447681,29.76844347,26.04939605,28.15916168,2378205.528,1920866.18
1629504000,28.17904564,29.95686769,27.17834153,27.87298416,1815956.02,1803505.853
1629590400,27.89403856,28.7805722,26.42273335,27.70282484,1446336.857,1789968.579
1629676800,27.70534507,28.85789083,26.8751024,27.91487759,1358348.479,1792695.899
1629763200,27.89897037,28.33656626,24.30190833,25.10992577,1881863.504,1793416.352
1629849600,25.07216184,27.04968798,24.36392408,26.00394665,1336960.643,1777306.072
1629936000,26.00307447,26.44986733,23.29318286,23.93070745,1164421.131,1743638.761
1630022400,23.91717259,26.86056471,23.32881869,26.55936999,1558869.878,1749934.377
1630108800,26.55506074,26.83750734,25.33375988,25.9742971,914007.363,1741256.604
1630195200,25.98100297,26.7365402,25.09012683,25.72251821,721689.046,1721046.712
1630281600,25.72449599,27.83066885,24.04598895,26.04027027,1863702.079,1751204.627
1630368000,26.03521272,32.6232098,25.63914233,31.37209592,6080234.406,1960346.433
1630454400,31.35655247,34.29011378,29.01065929,33.20491851,3482682.984,2061681.385
1630540800,33.19894931,34.2664053,30.79536486,31.81215068,2133744.99,2120758.444
1630627200,31.80884395,34.57112758,30.86438054,33.59521006,1885686.207,2148825.381
1630713600,33.60753398,34.41527306,31.8773096,32.409682,1097614.6,2142550.931
1630800000,32.44860321,35.18723216,31.83136617,34.45179726,1286753.223,2035670.423
1630886400,34.45699306,35.8902042,32.15174369,34.3644033,1583715.192,1920083.202
1630972800,34.37173405,35.95348766,22.02802812,27.93004943,5215050.478,2061041.185
1631059200,27.94766478,29.22211047,25.19236566,27.78955887,3350192.66,2127801.764
1631145600,27.7625724,32.0070677,26.8888737,29.85812451,2711212.949,2144452.135
1631232000,29.82573343,32.7919061,27.65774177,29.20391038,4260646.758,2266686.672
1631318400,29.18570395,32.51793298,28.18182435,31.56565076,2270403.677,2307890.012
1631404800,31.5666764,36.72455818,30.67331871,35.8044467,4178359.213,2448890.549
1631491200,35.79679392,39.4805856,31.54602883,34.87244188,6699058.65,2689750.306
1631577600,34.85733312,39.42380759,33.81330139,37.38830436,3833142.76,2814559.412
1631664000,37.37362281,39.19706832,34.6197812,36.48342738,2194440.818,2866060.397
1631750400,36.49450941,37.27048053,33.88170152,35.53306045,1812483.839,2878741.095
1631836800,35.53053385,37.12028219,32.01315746,33.02334545,2518776.127,2958979.533
1631923200,33.0429312,36.11980744,32.47916932,34.88838967,1654218.895,3005606.025
1632009600,34.87809623,35.20343589,32.70997988,33.84943255,1122097.818,2968525.812
1632096000,33.85650044,33.95344571,26.55687031,28.30185158,3151109.643,2822069.574
1632182400,28.30496623,30.59224461,25.21599694,26.36022616,2787046.831,2787287.766
1632268800,26.3692326,32.46681565,25.63616108,31.61389103,2466824.539,2803941.744
1632355200,31.61113845,33.6843488,30.173486,33.43481079,2151721.162,2817243.492
1632441600,33.43262324,33.74477186,27.59028279,30.81814955,3205577.016,2922641.612
1632528000,30.80771456,32.36054951,28.89317653,29.85152513,2123359.795,2964471.941
1632614400,29.8593832,30.85401795,26.44081218,28.85845256,2706361.204,3020604.242
1632700800,28.83441016,30.40666523,27.04153916,27.73610155,1516123.749,2835657.905
1632787200,27.72078631,28.53187534,26.07398745,26.31774315,1099923.016,2723144.423
1632873600,26.3044814,28.74148647,26.04916957,27.27517751,1023093.82,2638738.466
1632960000,27.27972185,29.23813422,26.56273899,28.61570723,873819.7007,2469397.114
1633046400,28.61627044,32.75194932,27.87746055,31.96356811,1663410.149,2439047.437
1633132800,31.96757626,33.63039131,31.29388053,32.04895951,1150941.166,2287676.535
1633219200,32.03204236,33.48741536,30.94946326,32.12008271,964220.9939,2000934.652
1633305600,32.11338492,32.98360863,29.35614971,31.15531217,1170207.838,1867787.906
1633392000,31.16783786,33.24783299,29.84103134,31.41101491,1248940.001,1820512.865
1633478400,31.4264426,34.08266605,28.45377068,32.20793238,2151949.408,1837486.144
1633564800,32.2265297,36.17207372,30.30768054,33.98451877,3238052.45,1873449.96
1633651200,33.99191755,35.65224034,32.31300802,33.35667023,1637423.31,1872610.181
1633737600,33.35915385,38.8524535,32.77617144,36.34416222,2261946.894,1929602.634
1633824000,36.34725333,38.81052235,33.37810999,34.44812651,2324520.832,1888273.194
1633910400,34.43020136,37.00954619,31.03337498,34.13361488,2240002.651,1860920.985
1633996800,34.13020259,36.80274769,30.45339148,35.16707315,2520413.041,1863600.41
1634083200,35.16510782,43.56291927,33.23175661,41.67815885,6195093.617,2065769.033
1634169600,41.69778984,43.83894531,38.98123656,40.71767928,3631023.262,2087041.345
1634256000,40.71361162,45.58466571,37.2509756,43.27901471,4439309.852,2202838.848
1634342400,43.27444768,45.42813737,40.91586456,41.7517327,2564556.43,2195748.609
1634428800,41.74746635,43.44092368,39.48210505,42.11876865,1776198.449,2208752.344
1634515200,42.10330075,43.54355286,38.9363525,41.18795693,2034835.991,2255497.993
1634601600,41.1794863,42.92206797,38.72297275,41.34512916,1815270.148,2295106.809
1634688000,41.33987656,45.59221045,40.51638269,44.42694567,2537762.897,2378303.969
1634774400,44.44412831,46.36769017,39.85112943,42.84403044,2453724.746,2417819.699
1634860800,42.84672823,46.86460977,41.07993563,43.51112893,2625938.196,2491569.55
1634947200,43.5024343,45.20941743,42.01933536,43.97623325,1272083.65,2506962.683
1635033600,43.97141173,44.60439839,41.11906723,42.31441929,1110328.476,2503968.715
1635120000,42.31,45.37,41.51,44.55,1179214.431,2500482.437
1635206400,44.55978365,47.46926063,41.6872657,44.93170504,1562671.521,2471018.542
1635292800,44.9420815,46.07335178,38.8292039,40.48139097,2710415.346,2444636.687
1635379200,40.48175436,45.16256142,39.19171476,41.82621318,1715433.766,2448537.21
1635465600,41.82719671,44.90905218,41.3545358,44.19969195,1417906.027,2406335.166
1635552000,44.20257496,44.3661603,41.77156637,42.7602385,911449.8187,2335681.616
1635638400,42.76543011,43.80457824,40.5387815,42.80308269,1071806.257,2277271.796
1635724800,42.81021791,53.05412775,41.29436204,50.00099879,4718878.092,2387195.049
1635811200,50.02323254,54.24675025,47.34018456,51.68840574,3695456.568,2262213.196
1635897600,51.69078526,55.12460145,47.48475094,53.38324186,2794002.035,2220362.135
1635984000,53.39026723,56.2172561,50.39773308,53.8801009,2207498.962,2108771.59
1636070400,53.86741344,55.27497999,50.44903303,51.82102256,1695464.857,2065317.012
1636156800,51.81462309,52.77866366,49.04084449,52.07833183,1251352.593,2039074.719
1636243200,52.07459797,54.90258257,50.57288805,52.23303319,1402729.402,2007469.389
1636329600,52.25227461,55.94874792,49.36519873,53.37636102,2073637.138,2020387.739
1636416000,53.35865931,54.31156352,49.81046173,50.77939242,1934889.417,1990244.065
1636502400,50.7832329,53.74924725,42.47340994,46.79307076,3075293.104,2021322.483
1636588800,46.79452489,49.7490753,45.49379717,47.46920186,1726754.741,1976363.31
1636675200,47.4637606,48.17456298,43.90962577,45.91453649,1814177.063,2003467.981
1636761600,45.91035859,47.85483618,44.78905536,47.08792846,1074547.606,2001678.937
1636848000,47.09205125,48.21349424,44.99609759,46.3953995,851418.2197,1985289.127
1636934400,46.38230078,47.90124858,44.39524,44.77393492,1130081.605,1963659.631
1637020800,44.7679479,44.86516779,38.18526358,40.8865555,2923152.91,1974296.509
1637107200,40.86613791,43.0984932,38.67409264,42.73852442,1448522.012,1960950.921
1637193600,42.75604254,43.49279878,37.41239544,39.02476925,2133853.878,1996748.314
1637280000,39.04453763,42.53831781,37.44710282,41.2454145,1306031.933,2016477.42
1637366400,41.36316124,42.84264295,39.83428379,42.12809618,952565.298,2010515.372
1637452800,42.11263215,44.0951198,40.38367879,42.06733596,1116493.808,1830396.158
1637539200,41.99802372,42.64322146,38.29558894,39.52005109,1429490.689,1717097.864
1637625600,39.53417797,41.77560944,38.15898691,40.79077516,1241819.964,1639488.76
1637712000,40.78915978,40.98559939,37.39573518,38.31654081,1208806.335,1589554.129
1637798400,38.29625369,41.22730275,37.96448235,39.48170379,1246044.167,1567083.094
1637884800,39.50101388,39.82575011,33.12473862,34.65001212,2375162.606,1623273.595
1637971200,34.58529038,36.18250536,34.22213415,35.19335834,1221689.75,1614221.612
1638057600,35.19,36.92,32.29,35.79,1898732.455,1605476.378
1638144000,35.79,38.12,35.32,37.14,1301586.987,1573811.256
1638230400,37.14,40.7,35.24,38,1680186.045,1504055.904
1638316800,37.97,39.79,36.21,36.79,1266578.634,1481047.098
1638403200,36.75,36.93,34.8,35.79,765523.8172,1428614.436
1638489600,35.78,37.1,32.03,33.75,1160541.62,1432914.137
1638576000,33.74,33.95,23.46,29.43,4179368.03,1599311.627
1638662400,29.5,29.85,26.43,28.33,1903936.857,1638004.39
1638748800,28.29,29.24,24.84,28.19,2310501.106,1607371.8
1638835200,28.18,31.68,27.48,30.53,2308680.147,1650379.706
1638921600,30.51,31,27.67,29.87,1570210.035,1622197.514
1639008000,29.88,30.17,26.74,26.97,1509619.021,1632376.869
1639094400,26.92,28.44,25.55,26.5,1618868.918,1665692.05
1639180800,26.63,28.9,25.93,27.79,1514585.632,1685596.641
1639267200,27.84,30.51,27.16,29.58,1175089.187,1672876.566
1639353600,29.52,30.24,25.42,25.97,1774332.581,1699502.196
1639440000,26.03,27.42,24.9,26.17,1569564.802,1717540.12
1639526400,26.18,28.08,24.23,27.18,1852927.977,1747884.31
1639612800,27.17,29.42,25.6,26.03,2365555.619,1747403.961
1639699200,26.06,26.31,23.92,24.68,1430225.562,1757830.751
1639785600,24.63,25.94,24.18,25.51,1025623.956,1714175.327
1639872000,25.51,26.31,24.47,24.8,967684.8086,1697480.218
1639958400,24.73,25.28,23.28,24.08,1028626.223,1664902.227
1640044800,24.08,25.76,23.4,25.18,1232164.099,1663181.5
1640131200,25.17,28.58,24.88,27.24,1777569.028,1713783.76
1640217600,27.17,30.11,26.57,29.16,1772563.523,1744384.855
1640304000,29.15,29.88,27.81,28.14,999192.1161,1585376.06
1640390400,28.16,29.33,27.72,28.86,671120.2623,1523735.23
1640476800,28.87,31.92,28.14,31.34,2028983.178,1509659.334
1640563200,31.37,33.27,30.64,30.98,1515735.178,1470012.085
1640649600,30.92,30.95,27.47,27.84,2841101.188,1533556.643
1640736000,27.85,29.01,26.44,26.82,1353069.565,1525729.17
1640822400,26.75,28.46,26,27.54,1118205.456,1500695.997
1640908800,27.56,28.58,25.5,26.66,1388921.359,1494412.783
1640995200,26.69,28.78,26.58,28.62,811552.8472,1476235.966
1641081600,28.58,30.75,27.64,29.7,1735740.991,1474306.387
1641168000,29.68,31.47,27.9,30.12,2153408.272,1503498.56
1641254400,30.09,31.31,28.49,28.69,1660985.182,1493901.421
1641340800,28.74,30.64,25.14,26.72,2083136.237,1479780.452
1641427200,26.74,27.54,25.31,26.74,1698481.909,1493193.269
1641513600,26.68,26.85,24.04,24.87,1920312.22,1537927.682
1641600000,24.92,25.73,23.06,24,1448326.319,1561959.758
1641686400,23.98,25.54,23.61,24.63,1098686.872,1565462.79
1641772800,24.64,25.25,22.35,23.73,1565455.587,1582127.364
1641859200,23.72,26.24,23.33,25.56,1256500.231,1556073.925
1641945600,25.6,27.9,25.33,27.33,1286277.325,1531759.615
1642032000,27.33,28.01,25.63,25.8,856266.5163,1524613.335
1642118400,25.79,27.92,25.54,26.64,697472.5085,1525930.947
1642204800,27.75,28.42,26.85,27.61,949204.17,1471941.997
1642291200,27.61,28.46,27.3,27.7,995367,1445923.588
1642377600,27.72,27.77,25.15,25.7,1001589.87,1353948.022
1642464000,25.73,26.06,24.3,25.15,1421907.32,1357389.91
1642550400,25.17,25.32,23.7,24.08,1021640.19,1352561.646
1642636800,24.09,25.63,22.85,23.01,1007651.34,1333498.145
1642723200,23.01,23.49,19.07,19.67,2399997.68,1412920.387
1642809600,19.67,20.14,16.17,18.27,3548249.96,1503545.835
1642896000,18.28,19.2,17.74,18.83,2547824.08,1523266.626
1642982400,18.83,18.83,15.86,18.05,2882427.15,1584338.724
1643068800,18.04,19.06,17.38,18.31,1796388.27,1570001.326
1643155200,18.34,19.03,18.18,18.49,356574.56,1502905.958
