1605744000,3.889277057,18.194815,1.253696771,3.984275291,4966253.046,NaN
1605830400,3.969453475,4.518513,3.349512133,3.635570715,1034695.045,NaN
1605916800,3.632935751,3.856165219,3.115351767,3.30123188,484835.3325,NaN
1606003200,3.283700672,3.777112802,2.993321702,3.309595004,435556.6357,NaN
1606089600,3.310028465,3.858528714,3.141045083,3.716460866,389513.5583,NaN
1606176000,3.717133383,4.162303976,3.019263035,3.28591213,354215.6705,NaN
1606262400,3.286921828,3.608832613,3.12970295,3.280146146,172888.3576,NaN
1606348800,3.279471819,3.312411841,2.463958,2.888371305,201095.4943,NaN
1606435200,2.870829744,4.267702328,2.662075935,3.84019573,922392.0216,NaN
1606521600,3.840937059,5.837018835,3.661281088,4.975546915,1784370.27,NaN
1606608000,4.948764786,5.753014852,4.296648218,4.83502726,692358.1702,NaN
1606694400,4.804202781,5.549439679,3.743204518,4.143142403,486142.4237,NaN
1606780800,4.143385721,4.520183535,3.734879323,4.064744853,501974.1084,NaN
1606867200,4.071818046,4.527704857,3.682093989,4.500243406,401483.095,NaN
1606953600,4.498549248,5.531808405,4.364666842,5.18086387,699249.7616,NaN
1607040000,5.177797435,6.33298986,4.810185984,5.193244251,559743.4366,NaN
1607126400,5.183204922,6.021610419,4.956328065,5.843770263,249203.3888,NaN
1607212800,5.840424785,7.80991932,5.641886743,7.162329309,1054714.657,NaN
1607299200,7.161246586,9.995311138,6.780118345,9.791375126,1665536.545,NaN
1607385600,9.844843297,15.43974,9.28502032,11.21331473,3148825.729,1010252.337
1607472000,11.16268136,14.63727633,9.48435217,11.95385743,1753083.919,849593.881
1607558400,11.91315955,14.05635352,11.18870916,12.05271153,1220395.108,858878.8842
1607644800,12.05476569,12.56805584,9.930103825,10.51216828,664236.4285,867848.939
1607731200,10.48794054,12.62880855,10.48258772,12.2897898,403252.4872,866233.7316
1607817600,12.28879496,14.52312188,12.21468076,14.0173282,779808.8762,885748.4975
1607904000,14.04016739,14.32113525,11.88805966,12.39852761,487535.3414,892414.481
1607990400,12.39426104,13.01616488,11.22821709,11.57104616,501488.2325,908844.4748
1608076800,11.53535434,13.26643012,9.646055134,10.86196093,735237.2966,935551.5649
1608163200,10.85537417,12.25301194,8.563931608,9.542081939,618745.7368,920369.2506
1608249600,9.535307861,10.73001676,8.702414553,9.913716004,455171.3553,853909.3049
1608336000,9.912422614,10.75439016,8.656387381,9.264135678,305270.1603,834554.9044
1608422400,9.268345066,9.716801145,7.622588325,8.014554943,547818.6743,837638.7169
1608508800,8.032669236,10.36815678,7.142455596,9.03378636,789612.9382,852020.6584
1608595200,9.038427059,11.56407931,7.980583144,8.709234011,983941.7002,881143.5887
1608681600,8.730953345,9.334519131,6.17865778,7.058550017,450920.7724,868727.1392
1608768000,7.0985532,7.973418356,6.595154936,7.619369658,251497.2366,853314.8292
1608854400,7.650358663,8.610533745,6.507002073,7.108050334,225858.0198,852147.5608
1608940800,7.169763642,7.780687788,6.163383072,6.807364445,258076.9412,812315.675
1609027200,6.772468999,7.742447497,5.734388126,6.596554163,274240.056,742750.8505
1609113600,6.594194326,7.830276675,6.371527181,7.51655705,247422.1106,597680.6696
1609200000,7.515636113,9.041321025,6.052137465,6.744331024,853641.0316,552708.5252
1609286400,6.750515896,7.263257348,4.968449134,6.178552987,294790.0048,506428.27
1609372800,6.205415169,6.294669683,5.120624604,5.339648373,257953.6812,486114.1327
1609459200,5.35482486,6.037213348,5.233042462,5.468268389,162261.7673,474064.5967
1609545600,5.46923124,6.2654852,4.155169826,4.8474142,273765.264,448762.416
1609632000,4.846246705,7.887766653,4.450145274,6.209200126,801072.1781,464439.2579
1609718400,6.205637989,6.928156672,4.71598445,6.06742647,388464.0357,458788.048
1609804800,6.08221766,6.590134078,4.920704539,5.702115824,190546.9069,431553.5286
1609891200,5.667626968,7.574141979,5.352229619,6.17110461,303181.3665,415775.31
1609977600,6.150778515,8.28201845,5.734548261,6.932471569,425871.3082,414310.3077
1610064000,6.866725659,8.352574776,5.864362168,6.728189679,300124.3258,414053.016
1610150400,6.697917374,7.53784213,6.144001744,7.006795322,134712.0944,393397.687
1610236800,7.010274574,7.592432116,5.179885428,6.190571359,243447.7932,366089.4297
1610323200,6.22483087,6.517879937,4.523662476,5.311362792,313147.9808,332549.7438
1610409600,5.309488545,6.343656136,4.753782813,5.135771343,228205.8058,321413.9954
1610496000,5.177544499,6.05328,4.769291727,5.624123652,140820.8472,315880.176
1610582400,5.60898,6.086158793,5.148349476,5.543357127,118927.9298,310533.6715
1610668800,5.547480159,6.6686382,4.8091246,5.699373114,189549.8204,307107.3154
1610755200,5.720220041,6.83051985,5.451346068,6.235859493,213318.9715,304061.2612
1610841600,6.211589156,7.737340362,5.653056045,6.780508353,213886.2702,302384.4692
1610928000,6.759481669,9.776785871,6.5317239,9.309007386,660563.8849,292730.6118
1611014400,9.291459369,9.716598979,7.256846235,7.398999022,474224.9655,301702.3599
1611100800,7.402064982,7.960123233,6.310757723,7.372804694,178822.4153,297745.7966
1611187200,7.399597322,8.537600749,6.091742829,6.93495707,287000.0399,303982.7102
1611273600,6.940936553,8.631967737,6.179913803,7.166003795,280983.0066,304343.5973
1611360000,7.184422814,7.995138792,6.840197081,7.462500127,139819.6172,271280.9693
1611446400,7.455650676,7.997421197,6.93403688,7.701405885,117940.2135,257754.7782
1611532800,7.700764644,9.7673982,7.345351143,8.622942128,380309.477,267242.9067
1611619200,8.653585105,11.3965255,8.172301426,9.587799855,593268.978,281747.2873
1611705600,9.589508005,12.05704663,8.018330942,9.068297394,526242.3975,286765.8417
1611792000,9.004952363,10.72095687,7.649442957,8.614804695,314021.0806,287460.6795
1611878400,8.615709709,10.38856749,6.703849607,8.272541548,418601.6789,301655.1587
1611964800,8.288522415,9.846552405,7.767726916,8.808627732,226311.2225,300798.3302
1612051200,8.815898927,10.62252656,8.26855554,9.789839185,202122.1126,295247.0367
1612137600,9.790476687,11.1345164,8.866619759,10.66663781,240912.2224,295882.3576
1612224000,10.66214021,12.60067112,9.303297653,10.29312406,317726.1202,304727.6212
1612310400,10.27271461,11.02030638,9.415546805,10.2053929,183996.0467,307981.0271
1612396800,10.20758475,13.07634396,9.725459152,12.26138277,323639.0963,314685.4909
1612483200,12.25433986,14.57655775,11.27944359,13.42188835,311962.9925,319617.6919
1612569600,13.42069732,19.47554319,11.65549409,16.8006095,849071.8953,351376.9732
1612656000,16.7998983,22.84455306,15.49876718,18.96475267,710286.9624,353863.127
1612742400,18.9688817,23.26474372,15.2285527,18.88358734,436974.3861,352000.5981
1612828800,18.67600891,30.8542912,17.3862562,27.34032434,479060.3321,367012.4939
1612915200,27.34376632,34.21894881,22.78732998,27.92302248,512194.1212,378272.198
1613001600,27.83518829,34.52057708,23.66794041,25.95586828,270358.2483,377740.9601
1613088000,25.87307465,30.04539328,23.34373085,26.11653211,275891.0977,384544.5341
1613174400,26.10879795,31.34042437,25.25871385,27.79625717,214951.8537,389395.1161
1613260800,27.898676,29.40617932,21.18643312,23.09570938,246531.206,382706.2026
1613347200,23.16794112,25.26455585,18.41398386,22.21297152,250299.357,365557.7215
1613433600,21.999689,23.50138155,19.72788643,21.59299126,133925.3706,345941.8702
1613520000,21.54833828,29.92659373,19.34328309,25.32992992,416645.5087,351073.0916
1613606400,25.39893026,32.73477496,24.58110953,29.61062352,304413.924,345363.7038
1613692800,29.60557141,32.90901658,21.99689821,26.96510411,495326.7895,358814.4822
1613779200,26.94428927,27.69117492,20.57146031,23.14150524,306653.5378,364041.0534
1613865600,23.1330037,27.1795877,22.26755597,24.36282687,206856.4543,362338.265
1613952000,24.3721601,28.10565185,16.86718215,26.14070831,397682.3986,366336.0789
1614038400,26.08402235,29.22560402,16.599037,21.08738614,472273.7394,380749.9636
1614124800,21.00111394,34.9801319,19.36206378,32.2228701,723710.1117,400753.5143
1614211200,32.2105843,39.51137425,28.0237515,28.74915646,750732.4324,422691.9863
1614297600,28.62298586,33.28955637,25.15745018,28.49859613,353362.3292,397906.508
1614384000,28.59467998,40.33093759,27.77877582,35.76653045,461112.2599,385447.7729
1614470400,35.86540845,38.83938845,29.65595321,35.88419402,380687.2048,382633.4138
1614556800,35.89170219,47.8388688,35.65752672,42.00032857,359898.9347,376675.344
1614643200,41.99793902,42.80953642,34.33739949,36.32413282,288072.7312,365469.2745
1614729600,36.38584643,40.6071077,32.29242183,34.29935064,192021.6441,361552.4443
1614816000,34.26837152,37.8213,29.87939677,30.65865356,175468.8556,356531.3322
1614902400,30.65698453,34.4222852,27.85172376,31.27140897,171444.8048,354355.9797
1614988800,31.27210703,35.88286884,30.08143734,33.47798151,140033.9061,349031.1147
1615075200,33.39919805,38.30522612,32.44722317,34.25673552,149356.6619,343983.98
1615161600,34.25686414,36.15776658,31.46313497,33.54714412,86896.92572,341632.5577
1615248000,33.45012576,40.10040745,31.90954464,37.58385338,164410.6963,329020.8171
1615334400,37.67414499,39.97040552,32.40362125,34.70321961,159256.4977,321762.9458
1615420800,34.77710996,37.1806751,30.3832356,32.74015271,142162.0962,304104.7111
1615507200,32.76290532,37.43435323,30.27023962,32.72602748,197306.5732,298637.3629
1615593600,32.62860485,36.15025724,30.29544972,34.10222659,124940.4136,294541.5609
1615680000,34.17833528,38.17431223,32.01480687,35.25328847,92684.28553,279291.6552
1615766400,35.06886806,37.19036894,30.07423078,31.59717686,124787.8517,261917.3608
1615852800,31.65457522,33.16000253,28.85445203,31.70029909,99083.96956,230686.0537
1615939200,31.70553581,35.29465156,28.931796,32.18772392,86506.5985,197474.762
1616025600,32.13237389,33.2167551,29.59073125,30.3233893,99209.28646,184767.1099
1616112000,30.3242872,31.35872381,28.38652404,29.7263957,59987.31143,164710.8625
1616198400,29.7047201,32.6684064,28.30625944,28.50488042,64021.35673,148877.57
1616284800,28.60211924,30.09310669,26.35983189,27.78732173,63852.75097,134075.2609
1616371200,27.87488111,29.40407245,25.07760341,25.76357046,106348.8974,124989.0692
1616457600,25.7703655,27.79239397,23.63228921,24.50537921,87187.88356,119747.3811
1616544000,24.41757223,26.89132025,21.52162587,22.13471904,87210.3538,115334.4561
1616630400,22.13042772,23.40847157,20.83792102,22.25208655,77540.66377,110639.249
1616716800,22.24729571,26.22423519,22.13225926,24.91175918,88361.75465,108055.6414
1616803200,25.01647643,30.056409,24.37182279,29.32006778,150702.5721,108122.9369
1616889600,29.3153096,30.37611391,26.83396546,27.91112795,88420.56687,108199.119
1616976000,27.93595696,30.20213432,25.95732928,27.27752726,77993.60052,103878.2642
1617062400,27.35162597,32.93290229,26.40602561,32.09072822,152896.0606,103560.2423
1617148800,32.28174259,33.4902638,27.19304123,29.31955847,117562.0882,102330.242
1617235200,29.28269019,30.12710656,26.75888318,27.4363662,56516.45311,95290.73595
1617321600,27.30125317,28.06506141,25.87795494,26.23438849,71438.75064,92615.6528
1617408000,26.38527867,26.82478504,23.39425773,24.03555202,83382.6787,92150.57246
1617494400,24.03435756,27.41749176,23.66835909,26.50461089,99408.35531,90881.59764
1617580800,26.6591447,30.22640715,24.9972712,26.93053354,120973.3896,91976.06864
1617667200,26.8661592,31.51918612,25.62837518,29.47548842,175316.5822,96416.56783
1617753600,29.43863498,32.13729472,24.19923374,24.47378828,202430.6327,101577.6351
1617840000,24.4733961,28.5660823,23.87534378,26.51271742,574481.4848,127302.3438
1617926400,26.53648102,28.75439847,25.61649633,26.28013099,174546.2093,132828.5864
1618012800,26.34609065,28.43740634,23.91330854,25.91973153,133181.0125,136294.9995
1618099200,25.94005985,27.18273494,24.88528566,26.56844929,84504.1848,135202.7639
1618185600,26.50771698,27.26250495,24.26336926,25.54611296,125727.5024,137129.7448
1618272000,25.63196523,28.09871201,22.47448283,27.72266261,164725.2359,141005.4889
1618358400,27.8953734,37.51136479,26.34807979,34.90944093,385064.9194,156381.7017
1618444800,34.98731628,36.39055418,31.1645868,32.51721218,155563.8015,159741.8041
1618531200,32.51992823,33.89560565,29.14419495,30.46380963,119348.6584,158174.1084
1618617600,30.42771893,32.11365025,28.62307741,29.06416206,75740.4276,157540.1014
1618704000,29.11450182,29.4600343,18.67930098,25.44782777,191781.8087,163229.5118
1618790400,25.491025,26.84712381,22.1311083,23.08686448,96675.55184,160418.4864
1618876800,23.19213897,24.87410009,20.29533165,23.90933554,104313.6848,159756.0662
1618963200,23.90597142,25.57214252,22.29037662,22.47016692,82652.67815,161062.8775
1619049600,22.50026835,24.47402143,20.26695441,21.09527586,99777.68386,162479.8241
1619136000,21.01554824,22.26098742,17.27179545,21.57145837,140578.304,165339.6054
1619222400,21.57590297,21.89193737,18.64129241,19.27978294,54877.74329,163113.0748
1619308800,19.31109866,20.89396013,17.98163996,19.08387974,53202.41061,159724.5258
1619395200,19.07373568,23.01094015,18.85949479,22.51862948,89607.38988,155439.0662
1619481600,22.51565516,25.35108731,21.54056963,24.33801444,76820.69059,149158.5691
1619568000,24.3773409,27.94956022,21.82770454,26.41350194,126546.0928,126761.7995
1619654400,26.41178097,27.93109295,23.86117732,24.85329376,114275.093,123748.2437
1619740800,24.84106043,28.20571592,23.23450817,25.37286359,115513.5279,122864.8695
1619827200,25.4282314,26.36378288,24.48966157,25.61517736,52210.81239,121250.2008
1619913600,25.65500598,25.75740286,23.69162741,24.35644137,45626.7239,117245.1619
1620000000,24.3855436,32.443939,24.18220061,30.79442132,216487.4773,119833.274
1620086400,30.78068225,31.48283238,24.27324771,24.84151454,214945.1911,111327.2876
1620172800,24.8343799,30.03510983,24.16197669,27.06050389,106047.6561,108851.4803
1620259200,27.0611391,27.76263405,24.3204581,24.97743128,72856.09343,106526.8521
1620345600,25.05599583,27.18020321,23.41460793,24.80917491,111968.5074,108338.256
1620432000,24.82008157,26.146029,23.56893039,24.66770933,78188.77613,102658.6044
1620518400,24.68013403,25.13136964,22.04567676,24.07639006,105390.2072,103094.3372
1620604800,24.09270924,24.85100971,19.67609127,21.71530043,102653.4858,103011.3272
1620691200,21.73225998,23.46372753,20.53594712,22.84870076,68825.25954,102319.9563
1620777600,22.84886682,25.87291938,19.37425188,20.20925691,118372.831,103249.7137
1620864000,20.34257045,22.19172156,17.9346985,20.1155187,119772.7563,102209.4363
1620950400,20.11909563,23.94176442,19.76878799,22.13521073,106796.8451,104805.3914
1621036800,22.17860642,22.70859156,19.28230655,19.70782576,62343.47014,105262.4444
1621123200,19.71101862,21.61464398,17.51187,18.93519363,78384.7481,104701.3123
1621209600,18.9067373,19.4034755,16.50790835,17.31059799,101653.5872,105942.9571
1621296000,17.30519218,19.55664789,16.70223252,17.66315677,90022.68393,104116.7867
1621382400,17.68149611,18.09047207,7.5585825,9.95270563,333592.7346,115082.6687
1621468800,9.956848785,12.14617418,8.674068412,10.60599028,232358.745,120924.9296
1621555200,10.6051435,11.34452027,7.227599048,8.630802457,202560.9957,128442.4388
1621641600,8.63185448,9.208727237,7.305156959,7.824719095,94629.13287,130892.5592
1621728000,7.823467266,15.09480539,5.348944897,10.89713189,563861.5711,148261.2639
1621814400,10.90377663,14.68769516,8.92824206,10.80244208,890950.1936,182061.514
1621900800,10.80148404,12.30646123,8.993902999,10.06901745,239163.1451,188717.2885
1621987200,10.09774835,15.2113773,9.660282098,12.65887297,321266.1673,201137.7922
1622073600,12.65857747,13.02257554,10.85852266,11.69152123,173932.512,204235.9924
1622160000,11.69878211,11.83243961,9.409807732,10.05180643,123808.4675,206516.977
1622246400,10.01919123,10.67183759,8.291585456,8.871210359,103013.7783,206398.1555
1622332800,8.83380454,9.836663653,8.175465209,9.190677263,65083.568,204519.6596
1622419200,9.179844351,11.50936686,8.652930878,11.09927354,148047.0182,208480.7476
1622505600,11.10939679,11.6417238,9.809215003,10.25499409,104688.8035,207796.5462
1622592000,10.25410316,11.61228538,9.804714761,10.87164766,115125.3813,207564.1774
1622678400,10.86802448,12.04045908,10.34809392,10.97950558,96466.14829,207047.6426
1622764800,10.97534269,10.99092009,9.185455223,9.694728115,93369.5657,208598.9474
1622851200,9.725779831,10.23582452,8.818399718,9.34089125,90359.86288,209197.7031
1622937600,9.33549109,9.884469168,9.117941165,9.510402688,54717.88402,206850.9179
1623024000,9.510266552,10.51252438,8.574898501,8.748750528,84119.95267,206555.7814
1623110400,8.746299792,8.892859965,7.416171418,8.593609481,109294.0947,195340.8494
1623196800,8.592642672,10.32266248,7.7543258,9.125274085,126424.5769,190044.141
1623283200,9.088842728,9.85997944,8.415823525,8.841636223,97131.1007,184772.6462
1623369600,8.846067192,9.510428845,7.783190215,8.848396687,128490.7658,186465.7279
1623456000,8.848771238,9.474761379,7.435621825,8.123832534,193686.3257,167956.9656
1623542400,8.122454652,9.31764552,7.484620022,8.66388855,108481.901,128833.551
1623628800,8.700625874,9.383106862,8.33143705,9.132077207,100800.2114,121915.4043
1623715200,9.128360392,11.20613783,8.591383219,10.66598907,119997.2986,111851.9609
1623801600,10.66349346,10.79208617,9.127527258,9.295809114,208315.3212,113571.1013
1623888000,9.296227934,10.02874265,9.011939571,9.479696722,86199.55649,111690.6558
1623974400,9.427085989,9.522602894,7.942574425,8.348062053,91319.93462,111105.9636
1624060800,8.348575468,8.650285628,7.910722062,8.093608837,44365.14497,110070.0424
1624147200,8.048903535,8.375152015,7.369635065,8.020367755,51531.90872,105244.287
1624233600,8.020594785,8.436074978,6.207300336,6.315619814,108218.8519,105420.7894
1624320000,6.308427031,7.132753298,5.289946968,6.059890048,122189.5753,105773.9991
1624406400,6.012264258,6.993495075,5.777175183,6.456402502,78432.86004,104872.3347
1624492800,6.45921791,6.78996111,5.988079754,6.482318753,42123.52131,102310.0324
1624579200,6.538674413,7.381917864,5.834321376,5.937555794,118217.2591,103702.9023
1624665600,5.911623006,6.239506431,5.3964666,5.792151808,82053.73154,105069.6946
1624752000,5.792176933,6.242966975,5.495224556,6.05877922,72894.01606,104508.3978
1624838400,6.046196282,6.542251283,5.79165021,6.277913895,134217.3218,105754.5592
1624924800,6.272504428,7.478625837,6.193377125,7.073792768,139342.5179,106400.4562
1625011200,7.072291135,7.160305001,6.092493139,6.603847119,139356.8561,108511.744
1625097600,6.600864228,6.788188541,5.890608135,6.135761723,114913.0201,107832.8567
1625184000,6.132758366,6.384678997,5.609499533,5.93115278,136495.0941,104973.2951
1625270400,5.912063232,6.361281815,5.742940346,6.0743337,75555.19888,103326.96
1625356800,6.074234816,6.786276266,5.71209241,6.216564504,206814.6812,108627.6835
1625443200,6.215272637,6.400493909,5.603248367,5.822211287,185035.5698,111879.5971
1625529600,5.802965316,7.390034551,5.763217719,7.118282137,328009.348,117864.2984
1625616000,7.13636526,7.634783957,6.679685935,6.869389242,301294.2,128619.0306
1625702400,6.870748574,6.940993805,5.844649056,6.098851277,294677.7339,138786.9205
1625788800,6.098694091,6.519126134,5.815494379,6.199209201,146425.4931,143889.9379
1625875200,6.194958091,6.602756312,5.95903783,6.152821523,95335.4246,146080.1137
1625961600,6.161632323,7.426849036,6.047163118,6.786340339,233594.0119,152348.8717
1626048000,6.785854463,7.439644707,6.282425869,6.507424107,152519.375,153865.3617
1626134400,6.501713928,8.041520489,6.284129557,7.687064329,179695.9971,158928.5186
1626220800,7.65956412,8.989887736,6.817343432,8.450584265,347969.2855,174220.8068
1626307200,8.44949864,9.591813889,7.53270037,7.8049111,232001.7927,179910.0335
1626393600,7.824892928,8.417972281,6.469823428,6.576496817,197881.9009,185701.4419
1626480000,6.566750344,6.885750765,6.2167272,6.624476878,123172.8515,188215.3837
1626566400,6.62514466,7.16905802,6.11517825,6.264655965,124486.3931,187728.8373
1626652800,6.264358568,6.300884281,5.640442741,5.717453636,116557.0898,186589.5659
1626739200,5.736247553,5.83917519,4.863178205,5.203175856,216077.8167,190425.6139
1626825600,5.181547582,6.459683033,4.92586629,6.062338494,252146.017,197287.2637
1626912000,6.066094234,7.395314033,5.73658704,7.2333268,215183.3737,201221.6777
1626998400,7.264777997,7.739590415,6.36235047,6.92074274,199881.6842,207438.002
1627084800,6.937699935,7.61335344,6.52466736,6.83555501,140478.5997,204121.1979
1627171200,6.843241175,10.32690902,6.506992008,9.601060493,427588.3712,216248.838
1627257600,9.59552315,12.47127026,7.785535141,8.359742658,446039.7541,222150.3583
1627344000,8.358582975,10.22398363,7.833980266,9.08941247,212144.5353,217692.875
1627430400,9.08617816,9.423018666,8.183234709,8.512420336,158069.1637,210862.4465
1627516800,8.482816675,9.32064715,8.16435256,8.826597911,97636.0398,208422.9739
1627603200,8.844067716,10.11265995,8.164187079,9.059703463,153084.9046,211310.4479
1627689600,9.061004648,9.613549583,8.693839549,8.953131251,121911.9733,205726.3459
1627776000,8.968961119,10.22302116,8.497014472,8.842251084,138312.9582,205016.0251
1627862400,8.82584428,9.227817281,8.413858631,8.857937055,126046.5447,202333.5525
1627948800,8.837278365,9.299100628,8.041237594,8.845227784,150000.6855,192435.1225
1628035200,8.84939227,10.02580805,8.53330892,9.705185488,157213.9424,188695.73
1628121600,9.705980513,11.5979171,8.839909238,10.17627252,254816.7303,191542.4714
1628208000,10.17619849,11.82822577,9.729977412,11.61684619,129230.0538,191845.3316
1628294400,11.63707338,12.47390863,10.67394047,11.2899226,121298.2637,191685.9251
1628380800,11.28197617,11.64977732,10.19484112,10.42314329,84956.91665,190105.9164
1628467200,10.42942662,13.27650229,10.06277569,12.15559964,133298.9877,185966.975
1628553600,12.15413702,12.97193553,11.40727653,11.95431249,69622.98415,176840.8233
1628640000,11.95544864,13.9192264,11.88418996,12.77646377,107806.3854,171471.9739
1628726400,12.76361485,13.53806587,11.51596599,12.40647759,106293.4436,166792.5619
1628812800,12.44666766,13.83797246,12.01520467,13.20292209,74808.61551,163509.0627
1628899200,13.20627699,14.50158026,11.96709323,13.72179517,124299.9537,148344.6418
1628985600,13.70930796,14.2411279,12.85975101,13.6153019,81327.6183,130109.035
1629072000,13.65887068,14.98493323,12.96643907,13.42361331,112055.567,125104.5866
1629158400,13.40176633,14.70627861,12.11695324,12.62236979,142052.9183,124303.7743
1629244800,12.62132813,13.09237233,11.54292777,12.22948412,140990.6166,126471.5032
1629331200,12.25082141,13.23044186,11.7856069,12.81007622,74028.59171,122518.6875
1629417600,12.8594287,13.84391471,12.44506059,13.30341274,74187.12819,120132.4453
1629504000,13.30394791,14.74306095,12.8806093,13.24250208,89700.22043,117701.8084
1629590400,13.24275272,14.31746027,13.00799653,14.24449138,68058.05743,114802.384
1629676800,14.2467591,15.76537994,13.66310397,14.68281253,110260.1787,112815.3587
1629763200,14.67757073,14.96480329,12.73360589,12.81237458,82549.30395,109082.1268
1629849600,12.83818676,14.17022138,12.10798347,13.76368233,144499.4433,103566.2624
1629936000,13.7779788,13.91311006,11.91651641,12.09421498,61634.14807,100186.4671
1630022400,12.12490552,13.43274166,11.47197325,12.81584089,136947.7681,100968.9423
1630108800,12.86030668,13.92670355,12.1979153,13.42502755,87472.53297,101094.7232
1630195200,13.42596462,13.93438555,12.70519282,13.11745949,44055.86604,96632.56708
1630281600,13.10622083,13.16956443,12.08626106,12.24705727,49227.04931,95612.77034
1630368000,12.2305827,13.72994155,12.05586197,13.04381509,66389.69645,93541.93589
1630454400,13.02988692,14.11396803,12.16921303,13.44415709,76048.96424,92029.71192
1630540800,13.44371814,13.98371687,12.88407276,13.1881201,48991.03019,90738.83265
1630627200,13.22329227,13.93972382,12.62040314,13.24099479,54756.28722,87261.64933
1630713600,13.25191389,14.65695264,13.04430968,14.18454259,70713.7703,86730.95693
1630800000,14.18627357,15.30488903,13.75728874,14.69846672,63075.61338,84281.95924
1630886400,14.70883215,15.60856902,12.84131051,14.12307941,125635.9821,83461.11244
1630972800,14.11338605,14.20247459,8.899783255,10.54291393,279095.0381,90366.33351
1631059200,10.5694692,11.09094692,9.015045842,10.27075555,190561.9704,96193.00244
1631145600,10.26759149,10.92184301,9.645763225,10.16920586,143435.7391,99655.43299
1631232000,10.13518313,10.83656794,9.110370096,10.09196719,308459.1285,110593.3784
1631318400,10.0918755,12.15627961,9.82202357,11.48539847,305489.7171,122464.9614
1631404800,11.47673841,12.45845771,10.71529622,11.24730144,159111.0426,124907.5046
1631491200,11.25239413,11.49346327,9.75856238,10.67844887,124345.68,126997.3234
1631577600,10.67933,11.56715314,10.09572401,10.84463486,102319.3398,124888.3182
1631664000,10.85587834,11.89919658,10.65224037,11.46938419,108663.3577,127239.7787
1631750400,11.4713541,12.12442438,10.87374985,11.3587334,92727.91902,125028.7862
1631836800,11.35945274,12.62234125,10.32984056,10.79654843,97228.9071,125516.6049
1631923200,10.78885286,11.42321252,10.47032045,10.87574646,81922.0849,127409.9159
1632009600,10.89336662,11.07306314,10.14894949,10.39485645,76403.7682,128768.7518
1632096000,10.41920216,10.44684995,8.255999843,8.623892466,235017.2626,137200.1301
1632182400,8.66092403,9.28677554,7.60834319,8.00286539,152608.531,141028.1085
1632268800,8.017451975,9.498293957,7.743200148,9.216179123,103115.2585,143734.3199
1632355200,9.22972032,9.63052858,8.67703247,9.38796688,64379.51242,144215.4811
1632441600,9.405310284,9.79686925,8.023081644,8.731737632,99944.34566,145677.0099
1632528000,8.73977718,9.194266424,8.354050752,8.644940172,53801.5554,145213.307
1632614400,8.626423635,8.898929831,7.626215735,8.401390545,88332.66448,143348.1411
1632700800,8.37963619,8.849204543,8.01137188,8.064389624,62892.07895,132537.9932
1632787200,8.062388716,8.344429439,7.572373334,7.649504636,75742.70603,126797.0299
1632873600,7.655047145,8.670163796,7.560821398,7.841561616,85891.63964,123919.825
1632960000,7.840480264,8.380216475,7.575744521,8.10705335,79607.11074,112477.2241
1633046400,8.085301526,9.179662431,7.810364782,9.07946442,71975.03928,100801.4902
1633132800,9.051699184,9.743384398,8.852280781,9.124157146,81905.50579,96941.21336
1633219200,9.122054617,9.955584944,8.86020876,9.323940514,62924.42387,93870.15056
1633305600,9.323396374,9.921818028,8.748676768,9.518447672,98881.2785,93698.24749
1633392000,9.530620459,10.47008261,9.112776713,9.805963664,71206.53145,91825.40618
1633478400,9.811106711,10.71567946,8.624844466,9.701117777,123461.028,93362.06163
1633564800,9.71445545,11.23803331,9.11898346,9.89892584,168200.3298,96910.63276
1633651200,9.884937873,10.68276073,9.624694736,9.933618553,83393.89037,96984.22303
1633737600,9.945150525,10.5512163,9.797954606,10.24034698,51985.25449,95763.29735
1633824000,10.2302236,10.78666812,9.28058667,9.533674899,64875.05233,87256.18684
1633910400,9.51929182,10.08877682,8.67301164,9.34261819,117257.4907,85488.63482
1633996800,9.330186761,9.633321103,8.164766194,9.291634711,78625.61086,84264.15243
1634083200,9.279914581,10.52096499,8.89651989,9.989217312,122003.3466,87145.34414
1634169600,9.9783207,11.81877829,9.722579556,10.63970912,307174.802,97506.86696
1634256000,10.64588098,12.99093772,9.954070437,11.41485555,289709.6024,109302.2693
1634342400,11.43086979,12.18027901,10.84995144,11.37687541,97699.42045,109770.6071
1634428800,11.3651968,12.95823008,10.62481125,11.11886267,128698.8286,113060.9446
1634515200,11.13033334,11.38889241,10.33687347,10.79027676,88503.73111,113698.9958
1634601600,10.77402737,11.51080098,10.34002725,11.06265039,126580.6783,115733.4478
1634688000,11.05182703,11.87206421,10.63578871,11.40879211,79110.56691,115708.6206
1634774400,11.41641626,11.89684159,10.1932222,10.80587787,104147.9357,117317.2654
1634860800,10.81743037,11.475486,10.4094769,10.91875031,85156.39578,117479.8099
1634947200,10.9241604,11.9706487,10.6688321,11.27611446,63475.94977,117507.3862
1635033600,11.28556657,11.79818615,10.77225527,11.0488665,74168.84579,116271.7646
1635120000,11.0587635,12.5839001,10.9361867,12.1822735,84404.53086,116931.6645
1635206400,12.18249218,13.12683287,11.4584633,12.22065169,125509.4008,117034.0832
1635292800,12.2234739,13.37375419,10.29130801,10.62468401,161927.4055,116720.437
1635379200,10.64970741,11.74376597,10.30575691,10.90196429,96242.49445,117362.8672
1635465600,10.89010033,11.79397851,10.67116751,11.45941006,96025.08271,119564.8586
1635552000,11.46477043,11.9133089,10.81774906,11.12335677,70245.32875,119833.3724
1635638400,11.11071748,11.75823533,10.6403049,11.55364173,71635.69693,117552.2827
1635724800,11.56004738,12.8119875,11.11176438,12.11018827,93465.54186,118294.2793
1635811200,12.1233349,13.9555955,11.68488985,13.06445017,92068.48773,116797.5363
1635897600,13.05239779,13.25202283,11.62264745,13.10979637,63180.44458,104597.8185
1635984000,13.12256362,13.66764284,12.30501144,12.73876017,60226.02454,93123.63956
1636070400,12.71878018,13.77465602,12.42383416,12.68525914,59017.60737,91189.54891
1636156800,12.67149089,12.81890745,11.56731455,11.88410054,54507.32309,87479.97363
1636243200,11.89555636,12.51153306,11.63477272,12.07374476,36857.46237,84897.66019
1636329600,12.06113936,12.91437838,11.45966522,12.49118992,67904.94831,81963.87369
1636416000,12.49020902,13.03642022,11.96219843,12.23123928,74772.04701,81746.9477
1636502400,12.2171632,12.96467722,9.856645495,11.04565825,124763.5043,82777.72613
1636588800,11.01849712,13.18681806,10.79307311,11.98560074,195400.1806,88289.91537
1636675200,11.98259057,13.37782142,11.40201602,11.75930493,126157.2429,91423.98002
1636761600,11.75823492,12.43159989,11.5840323,11.85088064,58535.90621,90642.33304
1636848000,11.8696185,12.45951984,11.63385107,12.20311016,41996.57969,88521.93548
1636934400,12.19001013,12.70686952,11.60423761,11.73741261,64884.08456,85490.66967
1637020800,11.75023444,11.76342814,9.682587173,10.14948613,138454.6696,84317.03287
1637107200,10.16543678,10.54492287,9.65683208,10.16865485,110836.4619,85046.73124
1637193600,10.17742309,10.38388284,8.75969984,9.17540446,129800.2969,86735.49195
1637280000,9.173559928,10.64041942,8.844512425,9.883105095,255640.8234,96005.26668
1637366400,9.918538945,10.92466444,9.780534212,10.62760679,121287.668,98487.86524
1637452800,10.63866636,11.39294002,10.30375104,10.91810522,72320.85787,97430.63104
1637539200,10.88098602,11.48063924,10.0537744,10.73877706,66894.11936,96171.91262
1637625600,10.7441467,11.40597399,10.34557149,11.17500276,105368.0336,98281.29207
1637712000,11.1688031,11.52467502,10.16121591,10.56120741,57762.13482,98158.09759
1637798400,10.55876706,11.72405136,10.38247301,11.18107698,71002.32712,98757.33357
1637884800,11.18910308,11.5487572,9.107027701,9.723767394,97589.23627,100911.4292
1637971200,9.690330779,10.98367841,9.672755585,10.41285202,49402.54034,101538.6831
1638057600,10.4099939,11.7716443,9.513987,10.8168067,172985.5847,106792.715
1638144000,10.8162519,12.0515201,10.6051546,11.6429484,90893.16667,107598.7709
1638230400,11.6428578,13.7759284,10.9869797,12.2865881,240582.8152,113389.7365
1638316800,12.2526531,13.8480133,11.718669,11.9061023,126775.5341,109958.5042
1638403200,11.9162578,11.9537948,11.0579575,11.3500506,85032.56719,107902.2704
1638489600,11.3567444,12.4630257,10.3215497,11.0319099,117119.5502,110831.4526
1638576000,11.0220581,11.061759,6.3165297,8.3299969,256228.8297,121543.0651
1638662400,8.3544522,8.5152004,7.19487,7.5744886,177994.6568,127198.5937
1638748800,7.5591837,7.9539174,6.6876746,7.819757,384976.3456,139524.6775
1638835200,7.8190083,8.5225745,7.6470343,8.0372615,117536.6373,139859.6863
1638921600,8.0232494,9.0157759,7.6268788,8.4114068,135149.8951,140127.1662
1639008000,8.4242395,9.4751213,7.6662142,7.9495079,140512.6306,134370.7565
1639094400,7.9351397,8.8777692,7.587301,7.6841599,98618.60757,133237.3035
1639180800,7.7080327,8.8247445,7.5306893,8.348418,59712.47223,132606.8842
1639267200,8.3418766,10.599567,8.1538263,9.7367655,319474.9671,145235.9266
1639353600,9.7190686,10.5194369,8.1891297,8.6710093,200698.4308,150002.4465
1639440000,8.6871268,10.0875071,8.355861,8.9452438,168758.1221,155552.2458
1639526400,8.9403315,9.7551862,8.3329293,9.0847152,120738.0866,158039.0338
1639612800,9.0875913,9.6644977,8.6506784,8.6734138,52575.58868,155788.3514
1639699200,8.6943956,9.0389348,8.0257884,8.6748765,71930.47183,156914.748
1639785600,8.6656436,9.1064857,8.4044861,8.7503252,37692.92593,150150.1151
1639872000,8.7300888,9.1977251,8.4226197,8.7140484,42061.60861,147708.5372
1639958400,8.6982484,9.0578819,8.0746159,8.6382408,50452.5733,138202.0251
1640044800,8.6437195,9.3588571,8.4228231,9.0310001,54785.98911,134602.5478
1640131200,9.0356385,9.6468557,8.8153306,9.4575644,42634.93809,132482.6664
1640217600,9.4368701,10.6551309,9.1097548,9.8448742,87428.26296,130998.102
1640304000,9.8408278,10.1196648,9.2237867,9.2927623,33676.01611,119870.4613
1640390400,9.2918735,9.4809764,9.1017285,9.2961547,19101.41234,111925.7991
1640476800,9.2833953,9.4869961,8.5650604,8.9258587,92404.64819,97297.21423
1640563200,8.9136368,9.316129,8.6568895,8.7531121,63610.48874,94600.9068
1640649600,8.7302819,8.7467594,7.8488966,8.0430741,97222.79756,92704.55192
1640736000,8.0495411,8.4541022,7.6690143,7.9279577,61584.35461,88758.13813
1640822400,7.9035122,8.4826878,7.6419041,8.1673188,63756.14613,87015.01505
1640908800,8.1605173,8.5992848,7.5925591,7.9132994,42177.57884,86138.27038
1640995200,7.9273031,8.5548152,7.9026262,8.4271884,33280.97319,71828.57069
1641081600,8.4262381,8.8760836,8.2091703,8.6460254,68957.60136,65241.52922
1641168000,8.6276346,9.1205186,8.1853267,8.7366337,68465.8819,60226.91721
1641254400,8.7402006,9.29657,8.4062779,8.7368886,70183.06172,57699.16596
1641340800,8.7604411,9.4402686,7.5734181,7.999666,112704.0368,60705.58837
1641427200,7.996417,8.0866299,7.4394966,7.7651772,99247.07941,62071.41875
1641513600,7.7587435,7.7842015,7.0130548,7.2743001,91823.02962,64777.92393
1641600000,7.2791614,7.6689136,6.5063966,7.0409343,92395.30876,67294.60894
1641686400,7.0291824,7.5280234,6.9208331,7.2804365,40858.11178,66814.88586
1641772800,7.2793523,7.4187769,6.4792176,6.8529481,64656.60749,67308.41678
1641859200,6.8098996,8.0647976,6.706792,7.47005,206552.4114,75504.29045
1641945600,7.4804769,8.4493414,7.4029864,7.8501391,91300.12464,75697.88353
1642032000,7.8443156,7.9687016,7.2560402,7.3984296,90976.11633,78562.88854
1642118400,7.4031039,7.5319251,7.2571492,7.2694375,22127.24003,78714.17993
1642204800,7.5501789,7.8466241,7.3708811,7.3806802,53302.6,76759.07752
1642291200,7.3827782,7.4604226,7.1717576,7.38885,50709.5,76114.02808
1642377600,7.3964777,7.7055088,7.2048726,7.5407182,40027.1,73254.2432
1642464000,7.5455413,7.7031755,6.9570367,7.1025779,30928.5,71721.45047
1642550400,7.1029564,7.4411218,6.7462547,6.8956848,102317.1,73649.49817
1642636800,6.9015614,7.3354324,6.5897665,6.6294419,35249.8,73303.10922
1642723200,6.6203363,6.687969,5.5430104,5.7120617,46238.9,73951.00556
1642809600,5.7132892,5.8519254,4.5641728,5.0246941,108326.8,75919.4655
1642896000,5.023509,5.3063735,4.8697597,5.2069406,47281.2,74860.2314
1642982400,5.2013087,6.8577619,4.2981555,6.1106832,726086,107655.3783
1643068800,6.0989261,6.4997357,5.6258118,5.7641624,300848.2,117062.5865
1643155200,5.7646686,5.8469004,5.6371061,5.7741589,7038.9,112452.1775
